url,content
https://zozo.jp/_help/default.html?id=5ece39d39ed84e001ea6e342,商品のサイズ商品のサイズは、商品ページ下部にある「サイズ」の項目をご覧ください。当サイトでは、商品のサイズをお客様によりわかりやすくお伝えするために、独自の採寸方法によるサイズを表記しております。採寸方法については「サイズ」の下に掲載しております「サイズガイド」をご覧ください。また、「アイテム説明」にモデルの着用サイズを掲載している商品もございますので、サイズ選びの参考としてご覧ください。【靴のサイズについて】靴のサイズは、すべてcm表記に換算して掲載をしております。※商品の形や造りなどにより着用感に個人差が生じる場合がございます。表記は目安としてお考えください。【USED商品のサイズについて】参考サイズにはZOZOUSED規定のサイズを表記しているため、メーカー規定のサイズとは異なる場合がございます。表記はあくまで目安としてご参考にしてください。また、新品画像を使用している商品は、ZOZOTOWNで新品として販売していた時の採寸情報を使用しているため、実物の採寸と異なる場合がございます。※品質タグがない商品やタグが擦れて確認ができない商品は、サイズの特定ができない場合がございます。
https://zozo.jp/_help/default.html?id=5ece39d39ed84e001ea6e343,商品のカラー・デザイン商品の画像は、できる限り実際の商品に近づけた状態で掲載をしております。色味・デザインにつきましては、商品ページの画像にて必ずご確認ください。※お客様のモニターの設定により、色味に違いが発生してしまう場合がございます。【USED商品のカラーについて】買取時にZOZOUSEDにて設定したカラーを表記しているため、メーカー設定のカラー表記と異なる場合がございます。ヘルプページ「ZOZOUSED商品の掲載画像」の内容もあわせてご確認ください。※新品画像を使用した商品の場合、お届けする商品は画像1枚目の商品です｡※類似のカラー展開のある商品や複数のカラーが使用されている場合は、メインのカラーを設定しております。
https://zozo.jp/_help/default.html?id=5ece47a3cb53b30020aa303e,商品の販売価格サイトの表示価格は、販売ショップがZOZOTOWNで販売するために設定した価格（税込）で表示しております。※販売ショップによっては、消費税の計算上、表示価格と商品のタグ（下げ札）に記載されている価格に1円の差異が生じる場合がございます。※ZOZOUSEDの商品は、市場相場を基に当社が価格を設定しております。セール価格元の販売価格よりも値下げされた価格を指します。タイムセール価格元の販売価格よりも値下げされており、その価格での販売期間を定めているものを指します。
https://zozo.jp/_help/default.html?id=5ece39d49ed84e001ea6e371,ZOZOUSEDの取扱い商品ZOZOUSEDでは、買取サービスや買い替え割・いつでも買い替え割サービスにて、買取をした中古商品を販売しています。※買取サービスは2019年12月17日をもって新規買取受付を終了いたしました。販売されている商品は、ZOZOUSEDの基準を満たした商品でございますが、真贋確認を証明する書類は、発行しておりませんのでご了承ください。
https://zozo.jp/_help/default.html?id=5ece39d49ed84e001ea6e372,ZOZOUSED商品の掲載画像撮影時の照明やカメラの角度、お客様の端末設定により、実際の色味と異なる場合がございます。また、商品により画像枚数・商品撮影部位が異なります。※画像追加のご要望にはお応えいたしかねております。【新品画像の商品について】一部の商品に新品販売時の画像を使用しております。アイテム説明欄に注意事項、ZOZOTOWNで新品として発売した時期の記載がございます。
https://zozo.jp/_help/default.html?id=5ece39d49ed84e001ea6e373,ZOZOUSED商品のコンディションZOZOUSED規定の基準をもとにコンディションを設定しております。
https://zozo.jp/_help/default.html?id=5ece39d49ed84e001ea6e375,ZOZOUSED商品の素材買取サービスにより買取した商品は、メインの素材のみを記載しており、素材の割合について記載をしておりません。新品画像を使用している商品は、ZOZOTOWNで新品として販売していた時の情報を使用しているため、付属品を含め、全ての素材が記載されていることがございます。※品質タグがない商品やタグが擦れて確認ができない商品は、 素材の特定ができない場合がございます。
https://zozo.jp/_help/default.html?id=5ece47a4cb53b30020aa303f,ZOZOUSED商品の価格商品の買取を行った時点での中古市場の需要を加味し、お値段を付けております。なお、商品のコンディション含めてお値段を付けておりますが、買取時期によりコンディションが同じ商品でも、販売価格が異なる場合がございます。
https://zozo.jp/_help/default.html?id=5ece3e85d47784001e0e4219,ZOZOUSED商品の付属品商品画像や素材・採寸において付属品に関する情報がある場合でも、アイテム説明欄に記載のあるものだけが付属します。ご購入いただく前に、アイテム説明欄にて付属品の有無の確認をお願いします。
https://zozo.jp/_help/default.html?id=5ece39d49ed84e001ea6e36f,セールに関する注意事項ZOZOTOWNでの販売商品は、予告なく価格を変更する場合がございます。購入後のセール価格となった場合でも、後から値引きを適用することはできません。また、セール価格から通常価格へ戻ることもございますので、あらかじめご了承ください。なお、セール期間中は大変多くのご注文をいただきますため、発送の混雑が予想されます。商品は発送準備が整い次第、順次発送いたしますが、お届けまでにお時間がかかる可能性がございますため、お急ぎの場合は、注文時に配送日時の指定をお願いいたします。
https://zozo.jp/_help/default.html?id=5ece39d49ed84e001ea6e366,マルチサイズ商品とはお客様にご選択いただいた「身長」「体重」に応じた推奨サイズガイドを参考に、表示される多数のサイズ中から、お好みのサイズをお選びいただく方法にて販売しています。なお、一部アイテムは受注生産となるため、発送までお時間をいただく場合がございます。受注生産となる商品は、カートに投入すると「取寄せ商品」の文字とあわせて発送日の目安が記載されているので、ご参考にしてください。
https://zozo.jp/_help/default.html?id=5ece39d39ed84e001ea6e353,予約商品とは予約商品は、会員限定でご注文いただける商品です。ご注文を受けてから発注をおこなうため、お届けに時間がかかります。商品ページ「お届け予定」をご確認のうえ、ご注文ください。※生産の都合上、納期が前後する場合がございます。【注意事項】1．ご利用可能な支払い方法は以下です。 代金引換 クレジットカード GMO後払い2．以下サービスのご利用はできません。 店頭・ロッカー受取り ギフトラッピングサービス
https://zozo.jp/_help/default.html?id=5ece39d39ed84e001ea6e354,予約商品同時注文に関する注意事項予約商品は、複数同時にカートに入れている場合でも、商品ごとに注文番号が分かれます。また、同じ商品でも納期が異なる場合は注文番号が分かれます。【注意事項】● 注文番号ごとに送料・手数料が発生いたします。● 「注文内容の確認」画面では、全商品の合計金額が表示されますが、お支払いは注文番号ごとになります。● 配送先、お支払い方法は注文番号ごとにお選びいただくことはできません。● ポイントをご使用の場合、お届け予定日が早い商品順に適用されます。● 一部商品は、同一の商品・納期であっても注文番号が分かれる場合がございます。カート画面にてご確認ください。
https://zozo.jp/_help/default.html?id=5ece39d39ed84e001ea6e355,予約商品のクレジットカード決済の流れ予約商品をクレジットカードでお支払いいただく場合の流れは以下のとおりです。（1）ご注文後、お客様のご利用のクレジットカードの有効性（限度額、有効期限など）を確認し、カード会社より事前承認を得ます。（2）事前承認が成立すると、ご利用可能枠から決済金額分の枠が確保されます。（3）予約商品の発送手続き完了後、2で確保している額の決済が確定いたします。2で確保された決済金額の枠の保持期限は、80日となるため、80日を経過する場合は、再確保をおこないます。※ご利用のカードによっては保持期限が80日に満たない場合がございます。※デビット・プリペイドカードをご利用の場合、保持期限が過ぎたタイミングで一時的に返金が発生することがございます。その場合、発送の際に改めて引き落としとなり、注文がキャンセルされることはありませんので、ご安心ください。なお、カードのご利用状況により、再確保ができなかった場合は、自動的に支払い方法が「代金引換」に変更となります。その際は、メールにてお知らせいたしますので、「ご注文履歴」より、ご利用可能なカードへ変更の手続きをお願いいたします。※30万円を超える注文に関しては、代金引換が利用できないため、メールにてお支払方法の連絡をさせていただきます。支払い方法の変更方法は、ヘルプ「支払い方法の変更」をご確認ください。
https://zozo.jp/_help/default.html?id=5ece39d39ed84e001ea6e356,予約商品のご注文からお届けまでの流れ予約商品は、商品ページに掲載されている「お届け予定」にあわせて商品のご用意を行います。お届けまでの流れは以下のとおりです。（1）商品が弊社に到着後「予約商品発送日のお知らせ」メールにて発送日をお知らせいたします。（2）発送手続きが完了すると、「発送手続きが完了しました」メールをお送りいたします。（3）その後、最長1日程度で、お届け予定日を記載した「商品のお届けのご案内」メールをヤマト運輸より配信いたします。日時指定をご希望の場合はこちらのメールから設定をお願いします。
https://zozo.jp/_help/default.html?id=5ece3e85d47784001e0e4218,取寄せ商品とは取寄せ商品には、下記の二種類がございます。◆商品ページ上に「受注生産」と記載がある商品詳細は、ヘルプページ「受注生産の取寄せ商品」をご確認ください。◆商品ページ上に「受注生産」と記載がない商品こちらの商品は、ご注文受付後に販売ショップの店舗や倉庫から取り寄せ、お届けいたします。ZOZOTOWN上での在庫数はショップで取寄せ可能な数が連携されておりますが、反映にはタイムラグがあります。そのため、タイミングによってはご用意ができずキャンセルとなる場合がございます。※キャンセルとなる場合はメールにてお知らせいたします。また、発送日の目安は、カートに商品を投入した際にご案内しております。注文内容に取寄せ商品が含まれる場合、取寄せ商品の発送準備が整い次第、注文商品すべてが発送されます。取寄せ商品以外を先に発送することはできませんので、すぐに届けてほしい商品がある場合は、注文を分けてご購入ください。
https://zozo.jp/_help/default.html?id=630ef77be93769001de44219,受注生産の取寄せ商品商品ページ上に「受注生産」である旨が記載されている取寄せ商品は、ご注文いただいた後に生産を開始いたします。発送日の目安は、カートに商品を投入した際にご確認ください。なお、ショップの倉庫や店舗から取り寄せする商品とは異なり、受注生産の取寄せ商品には以下の注意事項がございます。【注意事項】● 注文にはログインが必要です。● 注文後24時間以上を経過するとキャンセル対象外となります。● 受注生産商品以外の商品を同時に注文した場合、注文が分かれ別々に発送されます。また、送料も注文番号ごとに発生いたします。
https://zozo.jp/_help/default.html?id=60b978ce49451f001c711fa0,ショップ直送商品とはショップ直送商品とは、ご注文受付後に、販売ショップより直接お届けする商品のことです。商品ページおよびカート画面に、ショップ直送商品である旨が記載されております。また、カート画面では、発送日の目安をご案内いたします。なお、発送手続きに入るまでの間は、注文履歴よりキャンセルが可能です。【注文について】ショップ直送商品は、同時にカート投入・決済をされた場合でも、ショップごとに注文が分かれます。また、注文ごとに送料・手数料が発生いたしますので、あらかじめご了承ください。※ログイン（会員登録）をしていない場合、発送元が異なるほかのショップの商品を、同時にカート投入することはできません。【取寄せ不可によるキャンセルについて】ショップ直送商品は、在庫数の反映にタイムラグが生じる可能性があります。そのため、在庫変動があった場合など、タイミングによってはご用意ができないことがございます。万が一ご用意ができなかった場合は、メールにてご連絡いたしますので、あらかじめご了承ください。【お届け時の梱包について】ショップ独自の梱包資材にてお届けいたします。そのため、通常、ZOZOTOWNよりお届けする際の資材とは異なります。なお、返品・交換の際には、商品とあわせて付属の資材も返送が必要となりますので、ご注意ください。
https://zozo.jp/_help/default.html?id=5ece39d49ed84e001ea6e363,商品のお取扱いに関する注意・洗濯表示商品をご使用の際は、タグ等に記載されている「取扱い上の注意書き」や「洗濯表示」を必ずご確認ください。※参考：新しい洗濯表示（消費者庁公式サイト）
https://zozo.jp/_help/default.html?id=5ece39d49ed84e001ea6e364,乳幼児用商品の取扱いZOZOTOWNでお取り扱いする乳幼児用商品につきましては、各ブランドにて検査を行い、下記厚生労働省の基準に合致した商品のみを販売しております。なお、商品を開封し撮影・採寸作業を行う商品もございますが、撮影・採寸作業後採寸作業以外は個別包装し、お客様にお届けするまで保管しております。※乳幼児用商品は着用前に水洗いしていただくことをお勧めいたします。【厚生労働省の基準】「有害物質を含有する家庭用品の規制に関する法律施行規則」により、ホルムアルデヒドに関する繊維製品の規制基準では、下記のように定められています。■ベビー用（24ヶ月以内）対象製品：おしめ、おしめカバー、よだれ掛け、帽子、寝具、下着、寝衣、手袋、くつ下、中衣、外衣規制値：16ppm以下■子供用・大人用対象製品：下着、寝衣、手袋、くつ下、たび規制値：75ppm以下※ppmは100万分の1の単位ご不明な点がございましたら、カスタマーサポートお問い合わせ「会員情報・商品・その他のお問合せ会員情報・商品・その他のお問合せ」よりお問い合わせください。
https://zozo.jp/_help/default.html?id=5ece39d49ed84e001ea6e365,コンタクトレンズの取扱い初めてコンタクトレンズを使用される方へ1．ご使用前に必ず眼科へ行って検査を受けてください。コンタクトレンズは高度管理医療機器です。眼球とレンズのカーブ(BC)が合わないと、目が痛いと感じることもあります。また、涙の量や健康状態によっては、コンタクトレンズをご使用いただけない場合もございます。ご自身の瞳に合ったものを選べるよう、検査を受けてください。必ず眼科医の処方に従って、コンタクトレンズをご購入ください。2．コンタクトレンズの正しい「つけ方」と「はずし方」を必ず眼科で習ってください。正しい方法でコンタクトレンズを着脱しなければ、目を傷つけてしまいます。必ず、眼科で正しいコンタクトレンズの着脱方法を習ってから、ご使用ください。3．眼科医の指示に従って定期検査を必ず受けてください。ご自身の自覚がなくても、目やレンズに異常が起きている場合があります。眼科医の指示に従って定期的に検査を受けてください。4．正しい使用方法と期間を必ず守ってください。商品には必ず取扱説明書が入っております。内容をよく読み、理解してご使用ください。用法を間違うと、思わぬ事故につながる可能性があります。5．異常を感じたらすぐにレンズの使用をやめてください。目の痛み・充血など、異常を感じたら、すぐにレンズの使用をやめ、眼科医の診察を受けてください。コンタクトレンズを使用するすべての方へ1．装用時間と使用方法を正しく守ってお使いください。寝るときは必ずレンズをはずしてください。長時間使用し続けると目にレンズがくっつき、はがしづらくなります。また、目の病気の原因になることがあります。2．コンタクトレンズをはずした後は、正しくケアをしてください。レンズをはずしたあとは必ずケア(洗浄と消毒)が必要です。きちんと「こすり洗い」をしないと、レンズに付着したタンパク質や細菌が取れません。そのままご使用になると目の病気になることがあります。レンズケースもしっかりと洗い、定期的に交換してください。洗浄方法は、お使いの洗浄保存液の取り扱い説明書をよくお読みのうえ、正しい洗浄を行ってください。3．コンタクトレンズの保存液は定期的に交換してください。しばらくレンズを使用しない場合、定期的に保存液を交換してください。保存液は3〜4日で交換しないと殺菌力が低下し雑菌が繁殖します。4．コンタクトレンズの保存液に水道水は絶対に使用しないでください。アカントアメーバ感染の危険や、レンズと水道水の浸透圧の違いでレンズが変形することがあります。保存液は、薬局等で市販されているコンタクトレンズ専用のものを必ずご使用ください。5．交換時期を正しく守ってください。ワンデータイプ・マンスリータイプなど決められた使用期間を守り交換してください。期間を超えて使用された場合、レンズが劣化し汚れ、目のトラブルの原因となります。6．コンタクトレンズに触る前に必ず手をよく洗ってください。レンズを着脱する際は必ず石鹸で手をよく洗ってください。手が汚れていると、目のトラブルを引き起こす原因になります。7．他人とレンズの貸し借りは絶対にしないでください。レンズを介して病気の感染や、合わないレンズで目に障害を起こす場合があります。また、レンズを舐める、口の中に入れる等の行為はおやめください。口の中の雑菌が目に入り、感染症の原因となることがあります。8．カラーコンタクト使用時は夜間の運転や機械の操作を行わないでください。カラーコンタクトはレンズ周辺が着色されています。このため、夜間の運転や機械の操作には不向きです。必ずカラーコンタクトを外して、眼鏡やクリアコンタクトレンズに交換してから運転や機械の操作を行うようにしてください。9．目の周りに医療用・エステ用等のレーザー照射を受ける場合には、カラーコンタクトを外してください。カラーコンタクトレンズの環状着色部分には、金属系の着色剤を使用しています。カラーコンタクトを外さずに、目の周りにレーザー照射を受けた場合には、眼障害を引き起こす恐れがあります。コンタクトレンズについてコンタクトレンズは高度管理医療機器です。弊社では安全なコンタクトレンズ(高度管理医療機器承認番号取得)のみを販売しております。視力矯正を目的としないコンタクトレンズに関しても高度管理医療機器として薬事法の規制対象となっております。これに伴い、カラコンの製造・輸入は厚生労働省の承認が必要となり、販売者にも都道府県知事による販売業の許可、販売管理者の設置が義務付けられています。高度管理医療機器等　販売業　許可番号 習保第0274号
https://zozo.jp/_help/default.html?id=5ece3e85d47784001e0e4214,販売商品全般の取扱い商品画像撮影のため、販売商品を撮影に使用する場合がございます。モデル着用商品の取扱いに関しましては、フェイスカバー、インナーの着用を義務付けており、商品の汚損並びに劣化防止に努めております。
https://zozo.jp/_help/default.html?id=5ece39d39ed84e001ea6e344,ZOZOSUITとはお客様の体型サイズを、正確に計測するために開発された計測用スーツです。※2022年6月23日（木）をもちまして、サービスを終了いたしました。
https://zozo.jp/_help/default.html?id=5ece39d39ed84e001ea6e34d,ZOZOMATとはお客様の足を3Dで計測するために開発された計測用マットです。ZOZOMATでの計測情報をもとに、靴の推奨サイズを参照するなどのサービスをご利用いただくことが可能です。計測の際は、ZOZOTOWNアプリ内「計測・その他」の「ZOZOMAT 足計測をする」より、計測ページにアクセスしてください。その後、計測ページにて案内された利用手順にそって操作をお願いいたします。※日本国内でのみ利用可能なサービスです。※計測において年齢制限は設けておりませんが、計測情報の年齢が15歳以下となっている場合は靴の推奨サイズを参照するサービスをご利用いただけません。
https://zozo.jp/_help/default.html?id=5ece39d39ed84e001ea6e34f,ZOZOMATの対応端末ZOZOMATでの計測は、以下のスマートフォンが対応しております。【iOS・Android】ZOZOTOWNアプリの推奨環境に準ずる。※推奨環境でない場合、ZOZOMATを認識できないことや、計測結果の表示に時間がかかることなどがあります。※対応端末でない場合、アプリのインストールや、ZOZOMATでの計測が出来ないことがあります。※利用状況・利用環境は、お客様によって異なるため、全ての端末での動作を保証するものではありません。※タブレット端末での動作は保証しておりません。
https://zozo.jp/_help/default.html?id=5ece39d39ed84e001ea6e350,ZOZOMATでの計測手順【計測前の準備】・水平で固い床の上にZOZOMATを設置してください。カーペットなど、柔らかい床の上に設置した場合、計測時にエラーが生じたり、マットが破れたりする可能性がございます。・ストッキングや靴下は脱ぎ、裸足でご計測ください。・足首がしっかりと見えるよう、パンツやスカートなどの裾は、ひざ下まで捲ってください。・フットネイルなどに緑色が使用されている場合は、計測に誤差が生じる場合があります。緑色が使用されている箇所は落としてからご使用ください。【計測時の注意点】＜部屋の明るさについて＞・部屋の明るさが適切でない場合、ZOZOMATのマーカーや足型を正常に読み取る事ができず、エラーが生じる可能性があります。直射日光が強い場所や過度に暗い場所は避け、部屋の自然照明程度の明るさでご使用下さい。・エラーが生じた場合は、計測する場所や方向を調整し、ZOZOMATのマーカーを認識できる明るさの場所にて再度お試しください。＜周囲の環境について＞以下の場合は正確に計測ができない、またはエラーが生じる可能性があります。エラーが生じた場合は、環境を変えて再度計測をお試しください。・鏡や窓ガラス等にZOZOMAT・ZOZOSUITが映り込んでいる場合・ZOZOMAT上に障害物がある場合
https://zozo.jp/_help/default.html?id=5ece39d39ed84e001ea6e351,ZOZOMATの計測エラー対処方法【エラー画面：上記「計測のポイント」が表示された場合】＜原因＞・カメラがZOZOMATの中心を向いていない・カメラとZOZOMATの距離が適切ではない・スマートフォンの先端が下を向いていない＜対応＞「計測のポイント」の画面を参考にし、床に対して45度・足の中心から50cmの距離となるよう、スマートフォンをZOZOMATに向けてください。なお、スマートフォンは、必ず横向きではなく、カメラがある先端部分が下を向くように持ってください。【エラー文言：マットを正しく認識できませんでした。マットの状態や計測環境を確認してください】＜原因＞・カメラにZOZOMATが正しく写っていない・床が平らでなく、ZOZOMATに凹凸ができている・計測場所の明るさが適切ではない・鏡や窓ガラス等にZOZOMAT・ZOZOSUITが映っている・ZOZOMATが破れている、または汚れ等によりマーカーが欠損している＜対応＞以下の対応をお試しください。・ZOZOMATがカメラに写っているか確認する・水平で固い床の上にZOZOMATを設置する・直射日光が強い場所や過度に暗い場所を避けるなお、上記でも解決しない場合はアプリ・スマートフォンを再起動してください。【エラー文言：マットを正しく認識できませんでした。アプリが最新であるかを確認してください】＜原因＞・アプリのバージョンが古い＜対応＞・アプリが最新のバージョンか確認し、もし最新でない場合は更新してください。・アプリが最新のバージョンにもかかわらずこのエラーが発生する場合はマットの不良品の可能性が考えられますので、カスタマーサポートへお問い合わせください。【エラー文言：スマートフォンまたはマットが正しい方向にセットされていません】＜原因＞・スマートフォンの向きが前後逆になっている・ZOZOMATの向きが前後逆になっている＜対応＞「ZOZOMAT」のロゴが、かかとの右下側にくるよう設置してください。なお、ZOZOMAT全体を上から読み取る際は、スマートフォンを縦向きに持ってください。
https://zozo.jp/_help/default.html?id=5ece39d39ed84e001ea6e352,ZOZOMATの取扱い【取扱上の注意】・ミシン目にそって折りたたみ、直射日光・高温多湿を避けて、通気のよい場所に保管してください。・計測以外の目的では使用しないでください。・フローリングなどの滑りやすい場所や、靴下やストッキング等を着用した状態での使用は滑りやすくなりますので転倒にご注意ください。・ストーブなどの火気に近づけないでください。【処分方法について】ZOZOMATは、表面がラミネート加工された紙素材です。ご不要になった際は、お住いの市区町村の規定をご確認のうえ、処分をお願いいたします。
https://zozo.jp/_help/default.html?id=60b75910def7ff00225c14b6,ZOZOGLASSとはお客様の肌の色を計測するために開発された計測用メガネです。ZOZOGLASSでの計測情報をもとに、パーソナルカラーの診断や、肌の色に合うコスメの推奨などのサービスをご利用いただくことが可能です。※計測にはZOZOTOWNアプリのダウンロードが必要です。※現時点では日本国内のみ利用可能なサービスです。※対象年齢は15歳以上です。
https://zozo.jp/_help/default.html?id=60b759e20a551d0022584877,ZOZOGLASSの対応端末ZOZOGLASSの計測には、以下のスマートフォンが対応しております。【iOS】ZOZOTOWNアプリの推奨環境に準ずる。【Android】ZOZOTOWNアプリの推奨環境に準ずる。ARCore対応端末（詳細は公式サイトにてご確認ください。）※「AQUOS sense3 basic」はZOZOGlass非対応端末です。※対応端末は、必ずしも動作を保証するものではありません。※OSは最新バージョンにアップデートしてご利用ください。※タブレット端末での動作は保証しておりません。
https://zozo.jp/_help/default.html?id=60b75d758ec76100227e2057,ZOZOGLASSでの計測手順ZOZOTOWNアプリ内「計測・その他」の「ZOZOGLASS」より計測ページにアクセスしてください。その後、計測ページにて案内された利用手順にそって、ご計測をお願いいたします。【計測前の準備】・より正確に肌の色を識別するために、メイクは全て落としてください。・顔に髪の毛がかからないようヘアピン等で留めてください。【計測時の注意点】＜計測環境について＞以下のような環境では、ZOZOGLASSおよび顔を正しく認識できず、計測できない場合がございます。計測中の場所の移動は控え、室内の自然光下等で計測をおこなってください。・極端に暗い環境・直射日光等が当たり、顔に明らかな影ができる環境・計測中、明るさが変化する環境＜ZOZOGLASSの汚れや破損について＞ZOZOGLASSに汚れや破損があると、正しく計測できない可能性があります。汚れが付いている場合は拭き取ってから計測してください。また、お届け時より不良が見受けられた場合は、カスタマーサポートセンターまでお問い合わせください。
https://zozo.jp/_help/default.html?id=60b75e39ef879f0022fc005c,ZOZOGLASSの計測エラー対処方法計測中に各ステップより先に進まなくなった場合は、下記内容を参考に、問題がないか確認してください。『ZOZOGLASSをかけてカメラの方を向きます』から進まない場合ZOZOGLASSが検知できていない状態のため、以下のとおりご対応ください。・ZOZOGLASSを正しく装着する・前髪などによりZOZOGLASSが覆われないようにする・ZOZOGLASSに汚れ・破損がないか確認する『白い丸を枠線の中に入れてください』から進まない場合スマートフォンの角度が適切な角度になっていない状態のため、以下のとおりご対応ください。・スマートフォンを縦向きに持つ・スマートフォンが地面と垂直になるよう角度を調整する・ZOZOGLASSを装着した自分の顔が画面の表示内に映るよう調整する『白い枠線の中に顔を入れてください』から進まない場合スマートフォンと顔の距離が適切でないため、以下のとおりご対応ください。・白い枠線より顔がはみ出している場合、スマートフォンと顔の距離を遠ざける・白い枠線より顔が小さい場合、スマートフォンと顔の距離を近づける『計測環境の明るさをチェックしています』から進まない場合顔全体へ当たる照明が適切でないため、以下のとおりご対応ください。・ZOZOGLASSを正しく装着する・十分に明るい環境であるか確認する・顔に直射日光やスポットライトの照明が当たる環境を避ける・ZOZOGLASSに汚れ・破損がないか確認する・前髪・髭・マスク等で顔が部分的に隠れていないか確認する・場所を変えて計測してみる・時間帯を変えて計測してみる
https://zozo.jp/_help/default.html?id=60b75f2100ad210020797b5d,ZOZOGLASSの取扱い【取扱いに関する注意点】・直射日光、高温多湿を避けて、通気のよい場所に保管してください。・計測以外の目的では使用しないでください。・ストーブなどの火気に近づけないでください。【処分方法】ZOZOGLASSはプラスチック素材です。ご不要になった際は、お住いの市区町村の分別方法をご確認のうえ、処分をお願いいたします。
https://zozo.jp/_help/default.html?id=5ece3e85d47784001e0e421a,注文方法（会員）商品は以下の手順でご注文いただけます。※会員登録をしないで購入される場合は、ヘルプページ「注文方法（会員登録・ログインをしていない場合）」をご確認ください。1）商品詳細ページにアクセスします。2）商品をカートに入れます。3）カート内の商品をご確認のうえ、「レジへ進む」をクリックタップします。※ログインしていない場合は「ログインしてレジへ進む」をクリックタップしてください。4）お届け日・お届け先・受取り方法・お支払い方法を指定します。【「お届け日指定」の注意事項】・コンビニ決済でのご注文・予約または取寄せ商品のご注文の場合、「お届け日」をご指定いただくことはできません。詳しくは、ヘルプページ「お届け日時の指定方法」をご確認ください。【「お届け先」ご選択の注意事項】一部のご注文では「店頭・ロッカー受取り」をご指定いただけません。詳しくは、「店頭・ロッカー受取りサービスとは」をご確認ください。【「受取り方法」ご選択の注意事項】一部のご注文では「あんしん置き配」をご指定いただけません。詳しくは、「あんしん置き配の指定方法」をご確認ください。【「お支払い方法」ご選択の注意事項】・予約商品は、「代金引換」「クレジットカード」「GMO後払い」からご選択いただけます。・その他の商品は、「代金引換」「クレジットカード」「ツケ払い」「コンビニ決済」「LINE Pay」「PayPay」からご選択いただけます。※予約商品とそれ以外の商品を同時にご注文いただく場合、「代金引換」「クレジットカード」のみとなります。※一部商品では「PayPay」をご利用いただけません。・ポイントで全額をお支払いいただく場合も、お支払い方法をご選択いただく必要がございます。5）ポイントの利用をご希望の場合は、「ZOZOポイントを利用」を選択の「変更」を押します。※一部、ZOZOポイントをご利用いただけない商品がございます。6）ご注文内容をお確かめのうえ、「注文を確定する」をクリックタップします。LINE Payでお支払いの場合は、LINEアプリより決済手続きをお願いします。詳しくは、ヘルプページ「LINE Payでの支払い」をご確認ください。7）注文番号が表示されましたら、ご注文完了です。8) ご登録のアドレスへZOZOTOWN＜order@contact.zozo.jp＞より「注文確定メール」を配信いたします。※メールは本登録アドレスに配信いたします。追加のアドレスに配信することはできません。※メールの到着が確認できない場合は、エラーによりご注文が確定していない可能性がございます。「注文履歴」よりご注文状況をご確認ください。
https://zozo.jp/_help/default.html?id=5ece39d49ed84e001ea6e377,ショッピングカートの有効期限ZOZOTOWNのショッピングカートの有効期限は、商品をカートに入れてから「300分（5時間）」となります。有効期限を過ぎるとカートに入れた商品は自動的に削除されます。また、お客様が商品を入れてから無動作時間※が「15分」続く場合にも自動的にカートから商品が削除されますので、ご注意ください。なお、カートに商品を入れた段階で商品は確保されますが、ご注文を確定されるまでは、購入したことにはなりませんのでご注意ください。※無動作時間：「ページ移動をしない」「ネット接続が途中で途切れる」「ブラウザを閉じてしまった」等
https://zozo.jp/_help/default.html?id=5ece39d49ed84e001ea6e378,複数注文に関する注意事項ご注文金額が弊社の定める決済上限金額を超過した場合、エラーメッセージが表示され、ご注文いただけない場合がございます。※「予約商品」の複数注文については、「 予約商品同時注文に関する注意事項 」をご確認ください。※「ショップ直送商品」の複数注文については、「 ショップ直送商品とは 」をご確認ください。※商品によっては、同一決済でご購入いただける可能数に制限がございます。その場合、商品ページに表示しておりますのでご確認ください。
https://zozo.jp/_help/default.html?id=5ece3e85d47784001e0e421b,カート内の商品が消失する条件ZOZOTOWNのショッピングカートシステムは、下記の3つの条件よりカート内から商品が消失する場合がございます。いずれの場合も、商品をカート内に戻す返還措置はございません。あらかじめご了承ください。【カートの有効期限が切れてしまった場合】カートの有効期限に関しましては、ヘルプページ「ショッピングカートの有効期限」をご確認ください。【他のお客様の商品購入に支障をきたす場合】同一商品が多数カートに投入されているなど、購入の意志が感じられず不必要に商品を確保していると判断した場合は、強制的に確保商品を削除する場合がございます。【お客様のご注文中にサーバーエラーが生じてしまった場合】弊社のサーバーエラーにより、カートに確保していただいている商品がカートから消失してしまう場合がございます。
https://zozo.jp/_help/default.html?id=5ece39d49ed84e001ea6e379,ポイントの種類以下のポイントがZOZOTOWNで使用できます。【ZOZOCARDご利用還元ポイント】ZOZOCARDのご利用で加算されるポイントです。詳しくは「ZOZOCARDとは？ZOZOCARDとは？」をご確認ください。【買取査定ポイント】買取サービスにて、「ZOZOポイント買取」を希望された場合に加算されるポイントです。買取サービスに関しては、「ブランド古着買取サービスブランド古着買取サービス」をご確認ください。【ギフトポイント】LINEの友だちからプレゼントとして受け取れるポイントです。詳しくは「LINEギフトとは」をご確認ください。【コスメショップ限定ポイント】ZOZOCOSMEの専門ショップで販売中の商品にご利用いただけるポイントです。アパレルショップで販売されているコスメアイテムにはご利用いただけませんので、ご注意ください。【それ以外のポイント】特定のショップでご利用いただける「ショップ限定クーポンポイント」、キャンペーンにより付与される「キャンペーンポイント」などがございます。各ポイントによってご利用条件が異なりますので、ポイントの説明やキャンペーンの注意事項を必ずご確認ください。※一部、送料・各種手数料のお支払いにご使用いただけないポイントがございます。
https://zozo.jp/_help/default.html?id=5ece39d49ed84e001ea6e37a,ポイントを貯めるZOZOポイント還元対象商品を購入する際、ZOZOCARDを利用するとZOZOポイントを貯めることが可能です。商品代金（税抜き）の5%がポイントにて還元され、「1ポイント=1円」として次回以降のお買い物の際にお使いいただけます。ZOZOCARDに関しましては、ヘルプページ「ZOZOCARD利用時のZOZOポイント」をご確認ください。
https://zozo.jp/_help/default.html?id=5ece39d49ed84e001ea6e37b,保有ポイントの確認・利用方法保有しているZOZOポイントの残高・有効期限は、登録情報ページ内の「ZOZOポイントZOZOポイント」の項目より確認が可能です。ZOZOポイントは、1ポイント＝1円として注文の際にご利用いただけます。なお、ご注文の手順に関しましては、ヘルプページ「注文方法（会員）」をご確認ください。※一部、ZOZOポイントをご利用いただけない商品がございます。
https://zozo.jp/_help/default.html?id=5ece3e85d47784001e0e421c,ポイントの有効期限有効期限は、ZOZOポイントの種類によって異なります。【購入ポイント】最後にポイントを取得した月より1年後の月末までとなります。※「商品代金1％分の購入ポイント還元」サービスは2020年3月31日の注文分をもって終了いたしました。【クーポンポイント】キャンペーン期間により異なりますので、ポイント履歴・メールマガジンよりご確認ください。【ZOZOCARDご利用還元ポイント】詳しくは「ZOZOCARD利用時のZOZOポイント」をご確認ください。【買取査定ポイント】ポイントの付与日から180日後が有効期限です。【ギフトポイント】LINEの友だちからプレゼントとして受け取れるポイントです。有効期限は、ギフトメッセージを受け取った日より4か月後の月末までとなります。
https://zozo.jp/_help/default.html?id=5ece39d49ed84e001ea6e361,注文方法（会員登録・ログインをしていない場合）ZOZOTOWN・ZOZOUSEDでは、会員登録をされていない方でも買い物をお楽しみいただけます。お支払い方法は、代金引換・クレジットカードよりご選択が可能です。【注意事項】● 予約商品のご注文はできません。● ポイントは利用できません。● 店頭・ロッカー受取りはご指定いただけません。● 買い替え割はご利用いただけません。会員登録をせずに商品を購入される場合のご注文方法は、以下のとおりです。1）商品詳細ページにアクセスします。2）サイズ・カラーを選択し、商品をカートに入れます。3）お支払い方法の選択・メールアドレスの入力をし、「注文する」をクリックタップします。4）「ARIGATO！」と表示されます。こちらの画面またはZOZOTOWN＜order@contact.zozo.jp＞から配信される「配送先のご入力はお済みでしょうか？」メール内のURLより、 1時間以内に 必要情報を入力・選択します。※1時間以内にご入力いただけない場合は、自動的にキャンセルとなります。【「配送方法、お届け予定日」ご選択の注意事項】取寄せ商品のご注文の場合、「配送方法、お届け予定日」はご指定いただけません。詳しくはヘルプページ「お届け日時の指定方法」をご確認ください。5）内容を確認のうえ、「決定」をクリックタップします。｢ご入力いただいた配送先にお届けいたします｣の文言と、注文番号が表示されたら、ご注文完了です。※念のため、ご注文番号はメモなどに控え、保管をお願いいたします。6）ご注文完了と同時に、ご入力いただいたメールアドレスへZOZOTOWN＜order@contact.zozo.jp＞より「注文確定メール」を配信いたします。ご注文内容は「注文確定メール」に記載の「注文履歴ページ」へのリンクよりご確認いただけます。※ご注文時に携帯メールアドレスをご入力いただく場合は、＜zozo.jp＞および＜contact.zozo.jp＞からのドメイン着信許可を設定してください。
https://zozo.jp/_help/default.html?id=5ece39d49ed84e001ea6e362,注文詳細の確認方法（会員登録・ログインをしていない場合）会員登録せずご注文いただいた場合、注文番号が表示されたら、ご注文完了です。※念のため、ご注文番号はメモなどに控え、保管をお願いいたします。ご注文完了と同時に、お客様のメールアドレスへZOZOTOWN＜order@contact.zozo.jp＞より「注文確定メール」を配信いたします。ご注文内容は「注文確定メール」に記載の「注文履歴ページ」よりご確認いただけます。※ご注文時に携帯メールアドレスをご入力いただく場合、＜zozo.jp＞および＜contact.zozo.jp＞からのドメイン着信許可を設定してください。※注文番号がわからず、注文確定メールも配信されていない場合は、正常にご注文が完了していない可能性もございます。確認を希望される場合は、カスタマーサポートお問い合わせ「会員情報・商品・その他のお問合せ 会員情報・商品・その他のお問合せ」までご連絡ください。
https://zozo.jp/_help/default.html?id=6160191dbbd58c001d0b7400,店舗の在庫数を表示する一部の販売商品は、販売ショップの実店舗の在庫状況を調べることが可能です。また、「店舗取り置き対象」と表示されている店舗において、商品の取り置きをすることも可能です。詳細は、ヘルプページ「店舗の在庫を取り置きする」をご覧ください。※店舗在庫の取り置きは、お申し込みいただくタイミングによって商品の確保ができない場合がございます。※在庫状況の詳細について確認をご希望の際は、直接、実店舗へお問い合わせください。※店舗から商品の配送はおこなっていません。必ずご指定の店舗に来店し、お受け取りください。
https://zozo.jp/_help/default.html?id=616019b82b3a870023214437,店舗の在庫を取り置きする「店舗取り置き対象」と表示されている商品は、販売ショップの実店舗において、商品の取り置きならびに店舗での購入が可能です。【注文について】・本サービスのご利用には会員登録（ログイン）が必須となります。・サイト上での取り置き手続きは、一度に1点までとなります。1店舗で複数点の取り置きをご希望の場合は、1点ずつお手続きください。・店舗での取り置き可能数は、1店舗につき3点までとなります。また、同期間中に複数の店舗で取り置きされる場合、各店舗合計で最大10点の取り置きが可能です。・在庫のご用意ができた商品の確保期限は、確保日～1週間後までです。【確保不可によるキャンセルについて】店舗在庫取り置きの申込みを承った後、店舗在庫の確保が可能か確認をいたします。店舗の在庫状況の反映にはタイムラグがあるため、お申し込みいただくタイミングによっては、商品の確保ができない場合がございます。なお、確保の可否について確認ができ次第、ご登録のメールアドレス宛にご案内を差し上げます。詳しくは、ヘルプページ「店舗取り置き商品の購入の流れ」をご確認ください。【取り置き商品の購入について】ヘルプページ「店舗取り置き商品の購入の流れ」をご確認ください。※店舗から商品の配送はおこなっていません。必ずご指定の店舗に来店し、お受け取りください。【価格について】商品の価格は、店舗での販売価格に準じます。ZOZOTOWN上で表示されている価格や、クーポン、その他サービスは適用いたしかねますのでご了承ください。【支払い方法について】各店舗によってご利用いただける支払い方法が異なります。詳細は、ご指定の店舗にお問い合わせください。【返品について】受取後の商品について、ZOZOTOWNでは返品・交換の対応をお受けできません。お受け取りいただいた店舗に直接ご確認ください。なお、店舗の所在地およびご連絡先は「取り置き注文履歴」よりご確認いただけます。
https://zozo.jp/_help/default.html?id=616019e0cbfca500222dd95e,店舗取り置き商品の購入の流れ取り置き商品の購入までの流れは、以下のとおりです。1）店舗在庫の取り置きを申し込む「店舗取り置き対象」と表示されている商品を選択し、ご来店可能な店舗にて取り置きをお申し込みください。2）商品の確保可否の連絡が届く在庫のご用意ができ次第、メールにて確保完了のご連絡を差し上げます。※在庫をご用意できない場合には、その旨をメールでご連絡のうえ、申込み内容の取消しにて対応させていただきます。3）確保された商品を確認する確保完了のメールが届き次第、確保期限内（7日間）にご指定の店舗にご来店ください。店舗スタッフに、確保完了時のメールもしくは、取り置き注文履歴内のQRコード（※）をお見せいただければ、確保されている取り置き商品をお持ちいたします。4）商品を購入し受け取る店舗での販売価格および支払い方法にて購入手続きをお済ませください。なお、取り置き商品の確認時点で商品の購入を希望されない場合は、その場で店舗スタッフへお申し付けください。【注意事項】・在庫のご用意ができた商品の確保期限は、確保日～1週間後までです。・確保期限を超過した場合、取り置き商品の確保は中止いたします。・店舗の休業日は、直接店舗にご確認ください。なお、店舗の休業による確保期限の延長はいたしかねます。・店舗取り置きの申込みが完了した後、取り置き店舗の変更はできません。・確保期限内にご来店いただけないことが複数回発生した場合、今後のサービスのご利用を制限させていただく場合がございます。・店舗から商品の配送はおこなっていません。必ずご指定の店舗に来店し、お受け取りください。・受取後の商品について、ZOZOTOWNでは返品・交換の対応をお受けできません。お受け取りいただいた店舗に直接ご確認ください。※QRコードは株式会社デンソーウェーブの登録商標です。
https://zozo.jp/_help/default.html?id=616019ebfc53d0001d54e39a,店舗取り置きの申込取消方法すでに取り置き商品をお受け取りいただいている場合を除き、以下の手順で申込みの取消しが可能です。1）トップページ右上のログインボタンより「取り置き注文履歴」をクリックする。1） トップページのメニュー内からログインする。2）「来店前」の商品から、取消しを希望される申込み内容を選び「取り置き注文をキャンセル」をクリックする。	2）メニュー内の「取り置き状況」もしくは「取り置き注文履歴」の項目をタップする。3）申込み内容の下に表示される「注文をキャンセル」ボタンをクリックする。3）「来店前」の商品から、取消しを希望される申込み内容を選び「取り置き注文をキャンセル」をタップする。4）「注文をキャンセルします。よろしいですか？」と表示されたら「はい」をクリックする。4）申込み内容の詳細が表示されますので、確認のうえ「注文をキャンセル」ボタンをタップする。5）「取り置き注文をキャンセルしました。」と表示されると、申込み取消し手続きの完了です。5）「注文をキャンセルします。よろしいですか？」と表示されたら「はい」をタップする。【取り置き商品の申込み取消しに関する注意事項】・申込みの取消しが完了いたしますと、その後の変更はお受けできませんのでご注意ください。・取り置き商品の変更はできません。申込みの取消しをした後、ご希望の商品にて再度取り置きをお申し込みください。6）「取り置き注文をキャンセルしました。」と表示されると、申込み取消し手続きの完了です。【取り置き商品の申込み取消しに関する注意事項】・申込みの取消しが完了いたしますと、その後の変更はお受けできませんのでご注意ください。・取り置き商品の変更はできません。申込みの取消しをした後、ご希望の商品にて再度取り置きをお申し込みください。
https://zozo.jp/_help/default.html?id=5ece39d49ed84e001ea6e388,注文履歴とは「注文履歴」は、以下の確認や手続きが可能です。 過去のご注文内容の確認 配送状況の確認 配送先住所・支払い方法の変更 キャンセル・返品・交換の手続き注文履歴の確認方法は、以下のとおりです。※ログイン・会員登録をせずにご注文された場合は、注文後に配信している注文確定メール内から、「注文履歴」へ進むことが可能です。1）トップページのメニュー内からログインします。2）トップページ右上のログインボタンよりメニュー内のID名から「注文履歴・発送状況注文履歴」をクリックします。3）お客様のご注文の状況に合わせてページが表示されます。「注文履歴・発送状況の確認」をクリックします。発送前の商品がある場合：「発送前商品ページ」を表示します。発送前の商品がない場合：「発送済み商品ページ」を表示します。4）注文日順にお客様のご注文の履歴が表示されます。
https://zozo.jp/_help/default.html?id=5ece39d49ed84e001ea6e389,配送状況ステータスの見方「注文履歴」より、注文した商品の配送状況をご確認いただけます。各ステータスにおける、注文商品の配送状況は下記のとおりです。◆発送準備中◆弊社倉庫およびショップの倉庫にて、注文内容の確認など、発送に向けた準備をしています。なお、ご注文内容によっては以下のステータスも付随する場合がございます。【コンビニ支払い待ち】コンビニ決済をご利用の注文において、代金をお支払いをお待ちしている状態です。支払完了の確認が取れ次第、発送準備に入ります。【ZOZOCARD審査中】ZOZOCARDの審査中の段階です。審査に通過した場合は、順次商品の発送手続きをいたします。【取寄せ商品入荷待ち】商品の取寄せ可否について確認中、または手配可能な商品を取寄せ中のため、まだ入荷していない状態です。なお、発送予定日の目安は注文履歴で確認が可能です。※明確な発送日時は確定していません。【予約商品入荷待ち】商品は、生産および手配中のため、まだ入荷していない状態です。なお、お届け時期は注文履歴からご確認いただけます。【ショップ直送商品発送待ち】ショップの倉庫にて発送に向けた準備をしています。準備が完了し次第、発送手続きをいたします。◆キャンセル◆ 注文の取消しをしたご注文です。◆発送処理中◆ 弊社倉庫およびショップの倉庫にて、商品の手配や梱包作業など、発送手続きを進めています。なお、「発送処理中」のステータスになった当日もしくは翌日に発送いたします。◆発送済み◆ 弊社倉庫およびショップの倉庫より商品を発送済みの状態です。また、注文履歴より配送状況の確認が可能です。詳細は、ヘルプページ「配送状況の確認方法」をご確認ください。※配送状況の確認時に「伝票番号未登録」と表示されることがあります。配達状況の反映にはお時間がかかりますので、しばらくお待ちください。◆発送後キャンセル◆ 返品・交換対応をしたご注文です。
https://zozo.jp/_help/default.html?id=5ece3e85d47784001e0e421e,注文詳細の確認方法（会員）ご注文内容の詳細は、「注文詳細・各種手続き」よりご確認いただけます。
https://zozo.jp/_help/default.html?id=62b3e9ae27c0cc0022163376,支払方法の種類ZOZOTOWNで利用できる支払い方法の種類は以下のとおりです。詳細は各支払方法のヘルプページにてご確認ください。・代金引換での支払い・クレジットカードでの支払い・PayPay決済での支払い・コンビニ決済での支払い・ツケ払いでの支払い・LINE Payでの支払い・GMO後払いでの支払い※予約商品をご注文の場合は「代金引換」「クレジットカード」「GMO後払い」のみご利用いただけます。※予約商品とそれ以外の商品、納期が異なる予約商品複数点を同時に注文するなど、注文番号が分かれる場合は「代金引換」「クレジットカード」のみご利用いただけます。※予約商品とそれ以外の商品を同時に注文する場合は「代金引換」「クレジットカード」のみご利用いただけます。※一部商品では「PayPay」をご利用いただけません。※ポイントで全額をお支払いいただく場合も、お支払い方法をご選択いただく必要がございます。※ログインせずに注文する場合は「代金引換」「クレジットカード」のみご利用いただけます。
https://zozo.jp/_help/default.html?id=5ece39d39ed84e001ea6e357,代金引換での支払い代金引換とは、商品お届けの際に、配送業者へ商品代金を現金にて直接お渡しいただくお支払い方法です。代金引換の場合、代金引換手数料330円（税込）を別途いただいております。【注意事項】・一部ショップでは、代金引換でのお支払いをご利用いただけません。・合計金額が30万円（税込）を超える場合、代金引換はご利用いただけません。・ショップ直送商品をご注文の場合、代金引換はご利用いただけません。・代金引換をご利用の場合、「店頭・ロッカー受取り」はご指定いただけません。・代金引換をご利用の場合、ギフトラッピングサービスはご指定いただけません。・代金引換をご利用の場合、「あんしん置き配」はご指定いただけません。・代金回収の際、クレジットカード・商品券でのお支払いはできません。
https://zozo.jp/_help/default.html?id=5ece39d39ed84e001ea6e358,クレジットカードでの支払い【ご利用可能なカード】VISA、MASTER、UC、JCB、アメリカン・エキスプレス、日本信販、UFJ、DC、ダイナース※海外発行のカードはご利用いただけません。※利用者本人名義のクレジットカードをご利用ください。【デビットカード・プリペイドカードのご利用について】一時的に二重の引き落としが生じる可能性があるため、デビット・プリペイドカードのご利用は推奨しておりません。【ご利用可能回数】一括、2回、3回、6回、12回、24回、リボ払い、ボーナス一括払い【決済日】商品の発送日【セキュリティについて】カードの不正利用を防ぐために、セキュリティコードの入力をお願いしております。また、一部の注文を対象に、配送を保留とし、ご本人様のご利用であることを確認させていただく場合がございます。【カード情報の取扱い】当社がクレジットカード情報を取得する利用目的、カード情報の取得社名、提供先名は以下のとおりです。（1）利用目的ご購入いただいた商品代金およびサービス料の決済のため（2）情報の取得社名株式会社ZOZO（3）情報の提供先名クレジットカード決済代行会社（SBペイメントサービス株式会社）
https://zozo.jp/_help/default.html?id=5ece39d49ed84e001ea6e360,セキュリティコードとはセキュリティコードは、クレジットカードの裏面署名欄（アメリカン・エキスプレスは表面）に印字されている右端3桁（または4桁）の数字です。クレジットカードをご利用の場合、セキュリティコードの入力が必要となります。セキュリティコードのご入力を複数回誤りますと再度、クレジットカード番号等のご入力をお願いすることがあります。【セキュリティコード記載例】Visa / Master / JCBなど　　　アメリカン・エキスプレス※セキュリティコードが印字されていないカードはご利用いただけません。※アメリカン・エキスプレスは、カード表面右上（または左上）に印字されている4桁の数字です。※カード会社により表示されている箇所（表・裏）、桁数（3・4桁）が異なります。※セキュリティコードについてご不明な点がございましたら、カード裏面に記載されているカード発行会社へお問い合わせください。
https://zozo.jp/_help/default.html?id=5ece39d39ed84e001ea6e359,デビット・プリペイドカードでの支払いデビット・プリペイドカードは、カードの特性上、以下のような場合に複数回引き落としが発生する可能性がございます。・サイト混雑時に注文した場合・予約商品を注文した場合・商品のキャンセルや返品、交換をした場合本来の請求金額に加えて、さらに引き落としが発生した場合、余剰分の金額はカード会社から返金されますが、ご利用のカード会社によっては返金までに時間をいただくことがございます。なお、注文商品の一部を返品した場合は、一度確定している決済を取り消し、お受け取りいただいた商品の分を再請求しております。しかしながら、再請求の際に引き落としができない状態だった場合は、決済の取消し自体もできないため、返品商品分の代金は銀行振込みでの返金となります。デビット・プリペイドカードをご利用の際は、上記内容にあらかじめご了承のうえ、お買い物をお願いいたします。
https://zozo.jp/_help/default.html?id=6040f54a3d12fc001ce224c0,PayPay決済での支払いPayPayとは、「PayPay株式会社」が運営するキャッシュレス決済サービスです。詳細は「PayPayサイト」をご覧ください。【ご利用条件】PayPay決済のご利用には、以下の条件を満たす必要がございます。・Yahoo! JAPAN IDまたはYahoo! JAPAN IDと連携済みのアカウントでログインしている・Yahoo! JAPAN IDとPayPay IDが連携されている※ご登録のアカウントとYahoo! JAPAN IDの連携方法は、ヘルプページ「各種アカウントの連携」をご確認ください。※Yahoo! JAPAN IDとPayPay IDの連携方法は、外部サイト「Yahoo! JAPAN IDとの連携方法」をご確認ください。【ご利用時の注意】・予約商品ならびに一部PayPay利用対象外商品を含むご注文にはご利用いただけません。・PayPayはクレジット決済と併用が可能です。他のお支払い方法とは併用できません。・ご注文手続き時に、SMS（ショートメッセージサービス） によるご本人確認が必要となる場合がございます。・ご注文後、支払い方法の変更はできません。・全額もしくは送料のみPayPayでお支払いの場合は、おまとめ配送の対象外となります。・PayPayとZOZOCARDでのお支払いを併用された場合、ZOZOCARDにてお支払いいただいた金額分のみ、ポイント還元の対象となります。【ご返金について】・ご注文の一部商品を発送前に取消しする場合、取り消した商品分のPayPay（残高）は、即時返金ができません。詳細は 注文の取消しに関する注意事項 をご確認ください。・ご注文商品を返品する場合、弊社にて返送の確認ができ次第、PayPay（残高）にご返金いたします。詳細はヘルプページ「返金方法」をご確認ください。
https://zozo.jp/_help/default.html?id=5ece39d39ed84e001ea6e35a,コンビニ決済での支払い商品代金は、以下のコンビニエンスストア全店舗でのお支払いが可能です。コンビニ決済の場合、手数料330円（税込）を別途いただいております。お支払い完了の確認がとれ次第、商品の発送手続きをいたします。【ご利用可能なコンビニエンスストア】ローソン、セブンイレブン、ファミリーマート、ミニストップ、デイリーヤマザキ【注意事項】・会員登録（ログイン）をしていない場合、コンビニ決済はご利用いただけません。・合計金額が30万円（税込）を超える注文は、コンビニ決済をご利用いただけません。・予約商品・取寄せ商品・ショップ直送商品の注文は、コンビニ決済をご利用いただけません。・注文時に配送日時の指定はできません。・注文完了後、お支払いいただくコンビニの変更はできません。・お支払い方法は現金のみとなります。・コンビニ決済から他のお支払い方法への変更はできません。・200円未満のご注文の場合、セブンイレブンでのお支払いはご指定いただけません。・お支払い手続きは各コンビニによって異なります。支払い方法は「各コンビニエンスストアでのお支払い方法」をご覧ください。コンビニ決済のご注文完了からお届けまでの流れは以下のとおりです。1）ご注文完了後、ZOZOTOWN＜order@contact.zozo.jp＞より、コンビニ決済時に必要な番号を記載した「注文完了メール」を配信いたします。メールの案内に沿って、指定のコンビニにて期間内にお支払いをお願いいたします。※メールは本登録アドレスに配信いたします。追加のアドレスに配信することはできません。※コンビニ決済時に必要な番号は、 注文履歴 の「詳細を見るご注文詳細」からもご確認いただけます。【お支払い期限】ご注文した日の翌日0：00から3日目の23：59までとなります。例：11月6日22：00にご注文をした場合、お支払い期限11月9日23：59まで※期限までにお支払いが確認できなかった場合は、ご注文は自動的にキャンセルとなります。また、同様のキャンセルが続きますと、ご利用に制限をかけさせていただく場合もございますので、ご注意ください。2）お支払い完了後、ZOZOTOWN＜order@contact.zozo.jp＞より「お支払い確認メール」を配信いたします。※メールはお支払いから1時間以内にお送りします。3）弊社倉庫より商品の発送作業をいたします。4）ヤマト運輸より商品をお届けします。※お届け日の日時指定をご希望の場合は、ヤマト運輸＜mail@kuronekoyamato.co.jp＞より配信いたします「商品お届けのご案内」メールの案内に沿って、お手続きをお願いいたします。
https://zozo.jp/_help/default.html?id=60d92f5e324ec9001c7d099e,"GMO後払いでの支払いGMO後払いは、手数料330円（税込）で、予約商品の注文にご利用いただける後払いの支払いサービスです。ご利用にあたり審査があり、未成年（18歳未満）の方は保護者の同意が必要です。なお、ヘルプページ「ツケ払い・GMO後払いに関する注意事項」、 GMO ペイメントサービス社「 GMO 後払いについて」もあわせてご確認ください。【GMO後払いを利用できない条件】 ログインをしていない場合 予約商品以外の商品がカートに入っている場合 納期が異なる予約商品複数点を同時に注文するなど、注文番号が分かれる場合 180日以上先の納期の予約商品をご注文の場合 ギフトラッピングサービスをご利用の場合 あんしん置き配をご利用の場合 保護者の同意がない未成年（18歳美未満）の方の注文 GMO後払いの審査に通らなかった場合【利用上限金額】税込55,000円（他サイトと合わせた累計額）※お支払い後に上限金額はリセットされますが、入金確認まで2日～4日営業日いただきます。【請求方法】注文商品の発送が完了した後、土日祝日を除く4営業日後までに、請求内容が記載されたメールが届きます。あわせて、注文履歴にも請求情報が確認できるリンクが表示されますため、いずれかを確認のうえコンビニまたは銀行よりお支払いください。※メールは、GMOペイメントサービス株式会社よりお送りします。ドメイン「@gmo-ps.com」の受信許可設定をお願いいたします。【支払い期限】請求書発行日より14日後まで【GMO後払い提供元】GMOペイメントサービス株式会社GMO後払いに関するお問い合わせは、以下窓口宛てにご連絡をお願いいたします。ご請求金額、お電話番号、お問い合わせ内容をお伝えいただくとスムーズです。● メール：https://www.gmo-ps.com/customer_zt/contactform-zt/● 電話：0570-666-948（受付時間：10:00～17:00 ※土日祝・年末年始を除く）"
https://zozo.jp/_help/default.html?id=5ece39d39ed84e001ea6e35c,"ツケ払いでの支払いツケ払いは、手数料330円（税込）で、商品到着後に代金をお支払いいただける後払いの支払いサービスです。ご利用にあたり審査があり、未成年（18歳未満）の方は保護者の同意が必要です。また、セキュリティの観点より、ご注文の際にSMSによるご本人確認が必要となる場合がございます。なお、ヘルプページ「ツケ払い・GMO後払いに関する注意事項」、GMOペイメントサービス社「ツケ払いについて」もあわせてご確認ください。【ツケ払いを利用できない条件】 ログインをしていない場合 予約商品・ショップ直送商品をご注文の場合 ギフトラッピングサービスをご利用の場合 店頭・ロッカー受取りサービス あんしん置き配をご利用で、一定の条件を満たしていない場合 保護者の同意がない未成年（18歳未満）の方の注文 ツケ払いの審査に通らなかった場合【利用上限金額】100,000円（税込）※お支払い後に上限金額はリセットされますが、入金確認まで2日～4日営業日いただきます。【請求方法】注文商品の発送が完了した後、土日祝日を除く4営業日後までに、請求内容が記載されたメールが届きます。あわせて、注文履歴にも請求情報が確認できるリンクが表示されますため、いずれかを確認のうえコンビニまたは銀行よりお支払いください。※メールは、GMOペイメントサービス株式会社よりお送りします。ドメイン「@gmo-ps.com」の受信許可設定をお願いいたします。【支払い期限】注文日より二か月後まで【ツケ払い提供元】GMOペイメントサービス株式会社ツケ払いに関するお問い合わせは、以下窓口宛てにご連絡をお願いいたします。ご請求金額、お電話番号、お問い合わせ内容をお伝えいただくとスムーズです。● メール：https://www.gmo-ps.com/customer_zt/contactform-zt/● 電話：0570-666-948（受付時間：10:00～17:00 ※土日祝・年末年始を除く）"
https://zozo.jp/_help/default.html?id=6360f1826e9d2f001d54a05e,ツケ払い・GMO後払いに関する注意事項ツケ払い・GMO後払いのご利用に関して、下記の点にご注意ください。【配送に関する注意事項】・ご注文後は、配送先の変更ならびに転送ができません。必ず受取可能なご自宅の住所をご指定ください。・「運送会社留め」「ホテル」など一時滞在場所へのお届けはできません。【その他支払いに関する注意事項】・代金の請求、ならびに請求に関するご連絡は、GMOペイメントサービス株式会社がおこないます。・当社は、与信・代金の回収等の目的により、GMOペイメントサービス株式会社に対し、安全が確保できる手段を用いて必要な情報を提供いたします。・当社は、GMOペイメントサービス株式会社より、支払い状況に関する情報等を受領いたします。・当社は、当該情報等を利用し、利用者に対して別途指定する方法にて支払い状況にかかるご案内を差し上げます。・支払期限を過ぎてもお支払いの確認ができない場合、それ以降のご利用が制限されます。また、ツケ払いにつきましては初回の支払期限2週間後より、以下の回収事務手数料のお支払いが必要となります。＜回収事務手数料＞・1万円以上：220円（税込）・5千円以上1万円未満：165円（税込）・5千円未満：110円（税込）お支払いされた回収事務手数料は返還されませんので、あらかじめご了承ください。
https://zozo.jp/_help/default.html?id=5ece39d49ed84e001ea6e35d,LINE Payでの支払いLINE Payとは、コンビニ・銀行口座からチャージして決済ができるサービスです。詳細は「LINE Payヘルプ」をご覧ください。なお、PCからご注文の際は、LINEのログインページに切り替わりますので、お手持ちのスマートフォンでお手続きください。【注意事項】● 以下に該当する場合は、LINE Payをご利用いただけません。（1）予約商品、ショップ「マルチサイズ」の取寄せ商品、受注生産商品をご注文の場合（2）注文商品の発送拠点が異なる場合（3）ZOZOTOWNアプリ、Android端末をご利用の場合● 注文をキャンセルされた場合、決済金額の変更に数日お時間をいただくことがあります。
https://zozo.jp/_help/default.html?id=5ece39d49ed84e001ea6e35e,納品書ペーパーレスの観点より、基本的に納品書は同梱しておりません。なお、PC版のサイトに限り、注文履歴から納品書の発行が可能です。※クレジットカード決済、PayPay、LINE Payをご利用の注文のみ「納品書兼領収書」となります。納品書が必要な場合は、お手数ですが、注文履歴から注文詳細へ進み、画面右上の「納品書をダウンロード」より、ダウンロードしてご利用ください。※ブラウザの設定で、ダウンロードの許可がされていることをご確認のうえ、ご利用ください。
https://zozo.jp/_help/default.html?id=63103b9b0c512e001f2a179c,領収書領収書は、商品代金の支払い方法によって取扱い内容が異なります。詳細は下記内容をご確認ください。【代金引換でお支払いの場合】注文商品の配送伝票に貼付している「お客様控え」が領収書となります。宛名は、配送先名として入力された氏名が印字され、変更はできません。【コンビニ決済でお支払いの場合】お支払い時にコンビニにて受け取るレシートが領収書となります。【ツケ払い・GMO後払いでお支払いの場合】お支払い完了後、GMOペイメントサービスで確認が取れ次第、受領のメールが配信されます。そちらのメールに記載の「受領証」が領収書となります。なお、「受領証」は注文履歴からもご確認いただけます。※メールは、GMOペイメントサービス株式会社よりお送りします。ドメイン「@gmo-ps.com」の受信許可設定をお願いいたします。【クレジットカード・PayPay・LINE Payでお支払いの場合】注文履歴から注文詳細へ進み、右上の「納品書兼領収書をダウンロード」より、ダウンロードしてください。※ブラウザの設定で、ダウンロードの許可がされていることをご確認のうえ、ご利用ください。※Internet Explorer 7または8をご利用の場合は領収書の発行ができません。※店舗取り置き注文の領収書はZOZOTOWNで発行できません。商品をお受け取りいただいた店舗へ直接お問い合わせください。
https://zozo.jp/_help/default.html?id=5ece39d49ed84e001ea6e35f,支払い方法の変更お支払方法が「代金引換」のご注文に限り、「クレジットカード決済」へのみ変更が可能です。発送手配に入ると変更手続きができなくなりますので、配送状況が「発送準備中」「予約商品入荷待ち」「取寄せ商品入荷待ち」の間に変更手続きをお願いいたします。なお、支払方法の変更手順は以下のとおりです。※ログインせずに注文された場合は、注文確定メール内に記載の「注文履歴ページ」のリンクにアクセスのうえ、下記手順にそってお手続きください。1）トップページのメニュー内からログインします。2）トップページ右上のログインボタンより「注文履歴・発送状況」メニュー内のID名から「注文履歴」をクリック タップ します。3）お支払い方法を変更されるご注文の注文詳細・各種手続きから、支払方法の「変更」ボタン「注文詳細・各種手続き」をクリックタップ します。4）「クレジット決済に変更」をタップします。4）5）ご利用になるカード番号にチェックを入れ、「クレジット決済に変更確認する」ボタンをクリック タップ します。ご登録以外のクレジットカードでのお支払いをご希望の場合は、カード情報を入力し、「確認する」ボタンをクリック タップ します。5）6）変更の内容をご確認いただき、「変更する」ボタンをクリックし、お手続き完了となります。※おまとめしたご注文のうち、1つのお支払方法を変更すると、すべてのお支払方法が変更されます。
https://zozo.jp/_help/default.html?id=64e44f3af24c6e001c4f9eaf,インボイス制度（適格請求書等保存方式）への対応当社は、課税事業者として税務署に登録申請し、適格請求書発行事業者登録番号を以下のとおり取得しております。株式会社ZOZO登録番号：T4040001010503※「国税庁インボイス制度適格請求書発行事業者公表サイト」からもご確認いただけます。当社が発行する適格請求書は「納品書」または「領収書」になります。なお、インボイス制度において、当社では媒介者交付特例を適用しております。そのため、適格請求書には当社の登録番号を記載しております。
https://zozo.jp/_help/default.html?id=5ece39d39ed84e001ea6e339,送料・各種手数料ご注文時の送料・各種手数料は以下のとおりです。※すべて税込み価格です。【送料】250円【即日配送手数料】350円【支払い手数料】・代金引換：330円・コンビニ決済：330円・GMO後払い：330円・ツケ払い：330円【回収事務手数料（ツケ払いのみ）】支払期限を過ぎてもお支払いの確認ができない場合、初回の支払期限の2週間後より、以下の回収事務手数料のお支払いが必要となります。お支払いされた回収事務手数料は返還されませんので、ご了承ください。・1万円以上：220円・5千円以上1万円未満：165円・5千円未満：110円なお、送料・各種手数料は配送ごとに発生いたします。商品を複数点ご注文の際、同時にカート投入および注文確定をしても、注文が分かれ、別々に配送・決済される場合がございます。そのため、必ず注文内容の確認画面に表示される送料・手数料の項目を確認のうえ、注文を確定していただきますようお願いいたします。＜注文が分かれ、それぞれに送料・手数料が発生する例＞・保管倉庫が異なる商品を即日配送にて注文した場合・同時にカートに投入することができない商品の場合・予約商品とそれ以外の商品を同時に注文する場合・受注生産商品とそれ以外の商品を同時に注文する場合・購入点数の制限がある予約商品を注文する場合・納期が異なる予約商品を注文する場合・発送元が異なる商品を同時に注文する場合　など
https://zozo.jp/_help/default.html?id=5ece39d39ed84e001ea6e33a,商品の配送方法商品はすべて、ヤマト運輸の宅急便または宅急便コンパクト、ネコポス、EAZYにてお届けいたします。※配送方法はご指定いただけません。なお、発送手続きが完了すると、本登録アドレスにZOZOTOWN＜order@contact.zozo.jp＞より「本日商品を発送いたしました」メールを配信いたします。配送に関して、何かご不明な点などがございましたら、メールに記載の12ケタの伝票番号をご確認のうえ、ヤマト運輸株式会社サービスセンターまで直接お問い合わせください。【ヤマト運輸お問い合わせ窓口】固定電話：0120-01-9625携帯電話・スマホ：0570-200-000050IP電話：050-3786-3333＜受付時間 8：00～21：00＞※何らかの理由により、弊社倉庫から商品の発送が予定通りできない場合や、配送を保留・取消しとさせていただく場合がございます。その際には、カスタマーサポートセンターよりご連絡をさせていただきます。【注意事項】単品で30万円以上の商品をご注文いただいた場合、特別配送となります。通常の発送とは異なりますため、以下の点にご注意ください。・注文商品の発送までにお時間をいただく可能性がございます。・弊社より発送手続きが完了した後、配送会社からの「商品お届けのご案内」メールは配信されません。・配送会社にお問い合わせいただきましても、「時間帯お届けサービス」のご利用はできません。複数点にて30万円以上ご注文いただいた場合は、梱包を複数口に分けて発送させていただきます。
https://zozo.jp/_help/default.html?id=5ece39d39ed84e001ea6e33b,注文から発送までにかかる日数お届けまでにかかる日数は、商品やご注文時期により異なります。 【注文商品】【発送予定日】予約商品商品ページに記載取寄せ商品・ショップ直送商品カート投入時に表示上記以外の商品（配送日を指定していない場合）ご注文日翌日から4日以内に発送※カートに商品を投入した後、注文内容の確認画面に進むと、発送予定日の目安が記載されておりますので、あわせてご参考にしてください。※日時指定をしていない場合は、順次発送となりますため、具体的なお届け日はご案内できません。ご予定がある場合は、必ず日時指定をご利用ください。※コンビニ決済をご利用の注文は、支払い完了日を起点にして4日以内に発送いたします。※取寄せ商品をキャンセルした場合、キャンセルした日を起点にして4日以内に発送いたします。※ZOZOCARDの即時利用注文は、審査の通過日を起点にして4日以内に発送いたします。※年末年始やゴールデンウィーク等も、平常通り配送手続きを進めております。ご注文商品の配送状況は、発送後「注文履歴注文履歴」より、ご確認いただけます。詳しくはヘルプページ「配送状況の確認」をご覧ください。なお、即日配送や日時指定の詳細は、ヘルプページ「即日配送とは」「お届け日時の指定方法」よりご確認ください。
https://zozo.jp/_help/default.html?id=5ece39d39ed84e001ea6e33c,即日配送とは「即日配送」とは、最短でのお届けが可能な有料サービスです。一番早くお届けができますので、お急ぎの場合は、是非ご利用ください。【手数料】350円（税込）※複数の商品を注文した場合の注意点保管倉庫が異なる商品は、早くお届けをするために、保管倉庫ごとにそれぞれ発送を行います。そのため、当該注文の送料・手数料は、お荷物ごとに発生いたしますこと、ご了承ください。また、注文内容の確認画面にて支払金額の詳細を必ず確認のうえ、ご注文いただくようお願いいたします。【対象配送地域】※現在のところ、北海道地方、東北地方、九州・沖縄地方は、サービス提供外となります。また、対象地域の中でも、離島などの一部対象外の地域がございます。※ギフトラッピングサービスをご利用で、関東エリアへのお届けをご指定の場合、当日中のお届けはご選択いただけません。最短でも翌日午前中以降となりますこと、ご了承ください。【注意事項】1．以下に該当する項目がある場合、即日配送をご利用いただけません。 取寄せ商品を含むご注文の場合 ショップ直送商品をご注文の場合 予約商品をご注文の場合 コンビニ決済での支払いを指定している場合 サービス対象外の地域へのお届けを指定している場合 店頭・ロッカー受取りを指定している場合 商品代金の合計が30万円（税込）を超えるご注文の場合 ログインをしておらず、注文商品によって発送拠点が異なる場合2．即日配送をご利用の場合、ほかの注文との自動おまとめサービスは適用されません。3．道路状況や天候等の影響により、お届けに遅延が生じる場合がございます。4．即日配送をご利用の注文は、即日配送対象外の地域へお届け先を変更することができません。5．当日の受付上限数に達した場合やセール期間中など、即日配送の受付を一時的に停止することがございます。※受付上限に達した場合、関西・中部・関東エリアでは翌 午前6：00から、中国・四国エリアでは翌 午前8：00から受付を再開します。6．何らかの理由により、予定通り商品の発送ができない場合や、配送を保留・取消しさせていただく場合がございます。なお、その際は、カスタマーサポートセンターよりご連絡いたします。7．仕様上、ヤマト運輸より配信している「商品お届けのご案内」の指定日時の記載が異なる可能性がありますが、ご指定通りお届けいたします。※一部のご注文では、「商品お届けのご案内」を配信しておりません。8．ヤマト運輸クロネコメンバーズの「Myカレンダーサービス」を設定している場合、「Myカレンダーサービス」に登録された曜日や時間帯が優先され、ご指定の即日配送日時でお届けできないことがございます。即日配送をご利用の際は、「Myカレンダーサービス」の設定を取り消し、利用解除をお願いいたします。
https://zozo.jp/_help/default.html?id=5ece39d39ed84e001ea6e33d,お届け日時の指定方法お届け日時は、ご注文時に選択いただくか、発送後にヤマト運輸のサイトから指定する方法がございます。1. ご注文時に配送日時を指定するショッピングカート内の「注文内容の確認」画面より、日時指定が可能です。「お届け日」の「変更」ボタンより、ご希望の日時を選択してください。※以下の場合は選択することができません。・コンビニ決済でのご注文・予約商品・取寄せ商品・ショップ直送商品※注文数の増加や交通事情により受付を一時停止する場合がございます。2. ご注文後に配送日時を指定する【注文時に日時指定・即日配送を指定していない場合】発送メールから1〜2日程度で、ヤマト運輸＜mail@kuronekoyamato.co.jp＞より「商品お届けのご案内」が配信されます。配信後、 ヤマト運輸のサイト内 より配送日時指定が可能です。※ネコポスで発送された商品は、配送日時をご指定いただけません。「商品お届けのご案内」メールに記載の、お届け予定日時内に記載のリンクまたは「受け取りの日時や場所を変更する」ボタンより、お手続きください。※ヤマト運輸のサイトに移動します。【注文時に日時指定・即日配送を選択している場合】商品の発送完了後、ヤマト運輸のサイト内より配送日時の変更が可能です。クロネコヤマトの荷物お問い合わせシステム より、発送メールに記載の伝票番号を入力し、お受け取り希望日の変更をおこなってください。※クロネコメンバーズへのご登録が必要です。※伝票番号がシステムに反映されるまで、お時間がかかる場合がございます。※ページからのお手続きができない場合、ヤマト運輸に直接ご連絡ください。
https://zozo.jp/_help/default.html?id=5ece39d39ed84e001ea6e33e,注文のおまとめすでに確定している注文に対して、新たに商品を追加することはできません。なお、発送前の注文が複数ある場合、おまとめ可能な条件に該当する注文は自動的にまとめられ、ご指定のお届け先へ発送となります。※手動で注文をまとめることはできません。1.以下サービスをご利用の場合は、おまとめ対象外となります。 買い替え割サービス 即日配送 ギフトラッピング 店頭・ロッカー受取2.以下に該当する項目がある場合は、おまとめ対象外となります。 「発送処理中」「予約商品入荷待ち」「取寄せ商品入荷待ち」の注文 取寄せ商品1点のみの注文 ショップ直送商品の注文 コンビニ決済・LINE Payをご利用の注文 異なる会員情報で確定された注文同士 ログインせずに確定された注文 配送日時の指定が異なる注文 商品代金を超えてポイントをご利用の注文 異なる配送先をご指定の注文同士 異なる支払い方法をご指定の注文同士 全額PayPayでお支払いの注文 PayPayのご利用額が商品代金以上となる注文 クレジットカードとPayPayを併用しており、クレジットカードのご利用額が250円未満となる注文こちらの条件に当てはまらない場合でも、ご注文のタイミングなどによりおまとめができないことがございます。あらかじめご了承ください。
https://zozo.jp/_help/default.html?id=5ece39d39ed84e001ea6e33f,店頭・ロッカー受取りサービスとはご自宅以外の店舗やロッカーを指定して、商品をお受け取りいただけるサービスです。【ご利用方法】ショッピングカート内の「注文内容の確認」画面にて、「店頭・ロッカー受取り」のご指定が可能です。「お届け先」の「変更」ボタンを押し、表示される店舗・ロッカーよりご希望の受取場所を選択ください。【ご利用条件】以下に該当する項目がある場合は、サービスの対象外となるため「店舗選択」ボタンが表示されません。 代金引換・ツケ払いを選択している場合 即日配送・配送日時指定・あんしん置き配を選択している場合 ログインをしていない場合 予約商品・ショップ直送商品・取寄せに7日以上かかる商品の場合 家具・家電類など一部商品カテゴリーの場合 合計金額が30万円（税込）を超える場合 毎週月曜日午前3：00～午前6：00の時間帯（メンテナンスのため）【お受け取り方法】商品の配達が完了すると、ヤマト運輸＜mail@kuronekoyamato.co.jp＞より、｢納品完了メール｣が送信されます。宅配便ロッカー・コンビニエンスストア・取扱店をご指定の場合は、到着日を含む3日以内、直営店（宅急便センター）をご指定の場合は到着日を含む7日以内に受取りをお願いします。なお、受取りの際、認証番号が必要な場合がございます。認証番号は、納品完了メール・注文履歴から確認が可能です。お受け取り方法の詳細はこちらをご確認ください。※会員登録者ご本人様のみ受取りが可能です。※身分証明書が必要となる場合がございます。※店頭・ロッカー受取りを指定されていても、梱包時に荷物の大きさが規定値を超えた場合は、会員登録住所へのお届けに変更となります。あらかじめ、ご了承ください。
https://zozo.jp/_help/default.html?id=6040f5c6a7806b001c0614ac,あんしん置き配とはお客様の在宅・不在にかかわらず、配送先住所の敷地内にある指定の場所に、非対面（置き配）でのお届けをご指定いただけるサービスです。【ご利用方法】注文時に、受取り方法を「あんしん置き配」に変更することで、玄関ドア前・宅配BOXなどの置き場所を指定することができます。また、発送状態が「発送準備中｣「取寄せ商品入荷待ち」に限り、「注文履歴」内「注文詳細・各種手続き」より変更が可能です。※コンビニ決済をご利用の場合、お支払い完了後に変更が可能になります。※ZOZOCARDをお申込みいただいている場合、審査後に変更が可能になります。なお、発送状態が「発送処理中」以降につきましては、商品の発送後にヤマト運輸からお送りしたメールに記載されているURLより専用サイトへアクセスし、置き場所を変更できます。※専用サイトから変更した場合、注文履歴には反映されません。【ご利用条件】以下に該当する場合は、あんしん置き配指定の対象外となります。・ログイン・会員登録を行っていない場合・代金引換・GMO後払いでの支払いをご指定の場合・ツケ払いでの支払いをご指定で、一定の条件を満たしていない場合・ギフトラッピングサービスをご利用の場合・店頭・ロッカー受取サービスをご利用の場合・お届け先名と会員情報のお名前が異なる場合・ネコポスで発送されたご注文・商品単価（税込み）の合計が15万円以上のご注文・ショップ直送商品/予約商品を含むご注文・お荷物の大きさ等の理由により、置き配でのお届けが困難な場合【注意事項】・会員情報のお名前と異なるお届け先名へ変更した場合、あんしん置き配から対面でのお届けに変更となります。・お届けに伺った際、インターホンでの呼び出しは行いません。・配達完了後、ご注文者様のメールアドレスへお届け完了通知を配信いたします。※お届け完了通知の配信をもって配達完了とみなすため、受領印やサインはいただいておりません。・お届け完了通知画面より、配達員が荷物を置いた場所を写真にてご確認いただけます。※対面でのお渡し・宅配BOXへのお届け・管理人預けを選択された場合、写真の撮影は行いませんので、ご了承ください。・雨天時や指定場所に入らない等の理由で置き配ができない場合、対面でのお届けに変更させていただきます。ご不在の場合は、不在票を投函いたします。・置き配指定後に配送日時を指定・変更された場合、ご指定の日時にて置き配でのお届けをさせていただきます。・一度置き配を指定した場合でも、配達完了となる前であれば、お届け日時の変更・置き配する場所の変更が可能です。・商品発送後のお荷物の配達状況につきましては、お手数ですが、ヤマト運輸へご確認をお願いいたします。
https://zozo.jp/_help/default.html?id=5ece39d39ed84e001ea6e340,お届け先の変更方法商品のお届け先は、発送状態が「発送準備中」｢予約商品入荷待ち｣「取寄せ商品入荷待ち」に限り、「注文履歴注文履歴」内「注文詳細・各種手続き」より変更が可能です。※ツケ払い・GMO後払いをご利用の注文は配送先の変更をお受けできません。※コンビニ決済をご利用の場合、お支払い完了後に変更が可能になります。※ZOZOCARDをお申込みいただいている場合、審査後に変更が可能になります。会員登録せずに購入された場合は、注文完了メールより「注文履歴」の確認が可能です。【お届け先変更時の注意事項】 自動おまとめが適用されたご注文は、１つのお届け先住所を変更すると、他の注文のお届け先も変更されます。 「店頭・ロッカー受取り」への変更はできません。 会員登録住所を変更しても、発送前商品のお届け先は変更されません。 会員情報のお名前と異なるお届け先名へ変更した場合、あんしん置き配から対面でのお届けに変更となります。 お届け先住所の表札や会社名がお届け先名と異なる場合は、お届けができない可能性があります。
https://zozo.jp/_help/default.html?id=5ece39d39ed84e001ea6e341,配送状況の確認配送日時をご指定いただいた場合でも、当日の交通事情や天候、配送会社の発送状況等により、商品のお届けに遅延が生じる場合がございます。ご注文商品の配送状況は、以下の手順でご確認ください。1）サイトにログイン後、トップページ右上のログイン名にカーソルを合わせ「注文履歴・発送状況」をクリックします。サイトにログイン後、表示されているログイン名をタップし「注文履歴」を開きます。※ログインせずに購入された場合は、注文完了時にお送りした注文確定メールに記載の「注文履歴ページ」より注文履歴にアクセスしてください。2）該当の注文履歴に表示されている配送状況のゲージを確認します。※配送状況のステータスについては、ヘルプページ「配送状況ステータスの見方」にて詳細をご確認ください。3）配送状況の詳細を確認したい場合は、ゲージの下に表示されている「詳細」をクリックタップします。4）配送状況の詳細をご確認いただけます。※何らかの理由で、弊社倉庫から商品の発送ができない場合には、注文の取消しをおこなうことがございます。その際には、カスタマーサポートセンターよりご連絡いたします。
https://zozo.jp/_help/default.html?id=5ece3e85d47784001e0e420e,商品の受取期限お客様がご不在の場合は、ヤマト運輸より不在通知でご連絡いたします。不在通知より、再配達依頼をお願いします。なお、発送日から 7日以上 経過した商品は、自動的に返送となりキャンセルの処理をいたします。お客様のご都合によるキャンセルが続く場合、お支払い方法を制限する措置をとらせていただきます。注文された商品は、期間内にお受取りいただきますようお願いいたします。※「店頭・ロッカー受取り」にて宅配便ロッカー・コンビニエンスストア・取扱店をご指定の場合は、到着した日を含め 3日以内 、直営店（宅急便センター）をご指定の場合は到着した日を含め7日以内にお受け取りください。詳しくは「店頭・ロッカー受取りサービスとは」をご確認ください。※配送先住所に誤りがある場合は、住所不明のため、返送となります。※再発送はお受けすることができません。
https://zozo.jp/_help/default.html?id=5ece39d49ed84e001ea6e38a,ギフトラッピングサービスとは「ギフトラッピングサービスギフトラッピングサービス」は、ご注文商品をZOZOTOWNオリジナルのラッピング資材でお包みし、お届けする有料サービスです。値札に記載の価格は隠す・切り離すなどし、納品書が同梱される場合は価格を印字せずお届けいたします。 種類価格お包みできる商品数スタンダードボックス（SS/S/M/L）600円（税込）3点までジップバッグ（S/M/L/LL）350円（税込）2点まで【スタンダードボックス】 サイズ横幅(cm)奥行(cm)高さ(cm)SS18.013.08.0S29.518.010.8M35.525.517.0L52.032.016.0【ジップバッグ】_サイズ横幅(cm)奥行(cm)S20.030.5M40.051.0L48.062.0LL68.082.0なお、ZOZOTOWNオリジナルのメッセージカードを付属することが可能です。詳細は「メッセージカード作成時の注意事項」をご確認ください。【注意事項】1．以下サービスとの併用はできません。・買い替え割・即日配送（一部地域/発送拠点が異なる場合）2．以下の場合はギフトラッピングサービスをご利用できません。・ログイン・会員登録を行っていない場合・代金引換、ツケ払いでのご注文・あんしん置き配指定のご注文・取寄せ商品を含むご注文・ショップ直送商品のご注文・予約商品・福袋/福箱のご注文・ZOZOUSEDの商品を含むご注文・その他「ギフトラッピング可能」と記載がない商品のご注文3．その他注意事項・資材のサイズは、商品に合わせて弊社で指定いたします。・スタンダードボックスに商品が入らない場合は、差額をご返金のうえ、ジップバックでラッピングいたします。また、どの資材にも商品が入らない場合は、ラッピング不可となります。・ラッピング資材のみのお届けはできません。・ブランドのショップ袋はお付けしておりません。・商品によっては値段が隠せない場合もございます。・当日の受付上限数に達した場合は、受付終了となります。・ノベルティを配布している場合、配布対象外となります。
https://zozo.jp/_help/default.html?id=5ece39d49ed84e001ea6e38b,ギフトラッピングの申込方法1） ラッピング対応の可能な商品は、商品ページに「ラッピング可能」と記載がございます。こちらの記載のあるご希望商品を、カートにお入れください。2）「ギフトラッピングを希望される方」よりログインしてください。3） お選びいただけるラッピング資材が表示されます。ラッピング資材、メッセージカードのご利用の有無を選択し「決定」を押してください。※ カートに入っている商品内容/点数によって、お選びいただける資材が異なります。※ 複数の商品を同時にご注文された場合も、1つのラッピングに包装させていただきます。4） ご希望のお届け先情報を入力し、お届け予定日、お支払い方法をご選択ください。5） 確認の画面となります。ご注文商品、お届け先やラッピング仕様等に誤りがないかをご確認のうえ内容に問題がなければ、「注文を確定する」をクリックタップしてください。「ARIGATO!」と表示されましたら、ご注文完了です。※ メールは本登録メールアドレスに配信いたします。追加のアドレスに配信することはできません。※ メールの到着が確認できない場合は、「注文履歴」よりご注文状況をご確認ください。【メッセージカードの作成をご希望の場合】6）「注文確定メール」より、メッセージカードの作成画面にお進みいただけます。メッセージカードの作成はご注文確定後1時間以内にお願いいたします。詳細は、ヘルプページ「メッセージカード作成時の注意事項」をご確認ください。※ メッセージカードの作成は「注文履歴」からも可能です。＜注文確定メール＞＜注文履歴＞
https://zozo.jp/_help/default.html?id=5ece39d49ed84e001ea6e38c,ギフト商品・ラッピングサービスの取消ラッピングを希望されたご注文は「発送準備中」状態に限り、取消しが可能です。注文履歴より、お客様ご自身で取消し手続きをお願いいたします。取消し手続きの方法については、ヘルプページ「 注文の取消し手順 」をご確認ください。ラッピングをお申し込みいただいた場合、ご注文の取消し可能期間が短くなっておりますのでご注意ください。「発送処理中」以後のキャンセルはお受けいたしかねます。なお、お申し込みされたラッピングサービスのみのキャンセルはできません。
https://zozo.jp/_help/default.html?id=5ece39d49ed84e001ea6e38d,メッセージカード作成時の注意事項ギフトラッピングサービスをご利用のうえ、ご注文いただいた場合、商品とともにメッセージカードをお付けすることが可能です。ご利用にあたっては、以下の点にご注意ください。1．メッセージカードの作成は、ご注文確定後1時間以内におこなってください。作成は、「注文確定メール」「注文履歴」より可能です。未作成のままラッピング作業に入ってしまいますと、メッセージカードは自動的にキャンセルとなりますので、ご注意ください。なお、一度作成を完了されても「注文履歴」に『メッセージカードの確認・編集』ボタンがある場合、作成済み内容の修正が可能です。こちらのボタンが表示されていない場合、既にラッピング作業中のため作成済みメッセージカードのキャンセルならびに変更はお受けできかねます。2．メッセージカードに、以下のような画像はご利用いただけません。該当すると判断した場合、事前の通知をすることなくメッセージカードのご利用を拒否することができるものとします。※インターネットで拾ってきたもの、自身で撮影したもの、模写したイラスト、一部の黒塗り・伏字がされているものも含みます。● 芸能人、スポーツ選手、その他著名人の写真・画像● 他人が描いたマンガ・アニメ等のキャラクターの画像● 企業、ブランドなどのロゴ、マーク、その他、他人の肖像権、著作権、商標権等の権利が侵害されるおそれのあるもの● 人間の裸体や下着姿が写っているもの● 性的、わいせつ、ポルノ、卑猥なもの● 流血、破壊、残忍、残虐、グロテスクなもの● 特定の個人、国、宗教、民族性等について誹謗、中傷、攻撃する可能性のあるもの● 受取人が、嫌悪感や不快感を抱くおそれのあるもの● その他、モラル・倫理・公序良俗に反するおそれのあるもの● 広告、宣伝等の営業行為および勧誘行為と見受けられるもの● その他、当社がメッセージカードにふさわしくない画像と判断するもの3．メッセージカードに、以下のような内容はご記載いただけません。該当すると判断した場合には、事前の通知をすることなく、メッセージカードのご利用を拒否することができるものとします。※一部の黒塗り・伏字など疑わしい場合も含みます。 性的、わいせつ、ポルノ、卑猥な表現が含まれるもの 犯罪行為を助長、または奨励するもの 受取人へのストーキング、いじめ、嫌がらせ等の内容と見受けられるもの 特定の個人、国、宗教、民族等に対する、暴言、冒とく、差別、誹謗中傷、名誉毀損である内容のもの 他人のプライバシー、著作権、商標権等の権利を侵害するもの 他人になりすましたもの 暴力的、反社会的な内容を示すもの 広告、宣伝等の営業行為および勧誘行為と見受けられるもの 各種法令またはモラル・倫理・公序良俗に反するもの 受取人が嫌悪感や不快感を抱くおそれがあるもの その他、当社がメッセージカードにふさわしくない内容と判断するもの4．その他、以下のような注意点がございます。 お客様は、掲載する画像・メッセージ（以下、「画像等」と言います。）について、お客様ご自身が責任を負うものとし、当社はいかなる責任を負うものではありません。 画像等に関する著作権、肖像権等の一切の権利は、お客様に帰属するものとし、当社はメッセージカードのサービスを提供する範囲において、適切に使用および保管致します。 当社は、画像等に関して、監視、修正、削除、保管等を行う義務を負うものではありません。 お客様は、掲載する画像等のバックアップ、元データの保管に関して、お客様ご自身が責任を持って行うものとします。 お客様は、一定期間において、マイページより掲載した画像等を閲覧することができますが、期間の経過後においては、当社に対して画像等の再掲載、返還等の画像等に関する一切の要請を行うことはできません。 お客様の責めに帰すべき事由、または弊社のシステムトラブル等によってメッセージカードが添付できなかった場合においても、当社はいかなる責任を負わないものとします。 お客様が受取人またはその他の第三者に対して損害を与えた場合、お客様の責任と費用をもって解決するものとし、当社に一切迷惑をかけないものとします。 当社は、お客様への事前の通知を行うことなく、サービスの追加、変更または削除等を行うことができるものとします。
https://zozo.jp/_help/default.html?id=5ece3e85d47784001e0e421f,ギフト商品の返品サイズが合わなかった、イメージと異なる等、お客様ご都合による返品対応はお受けできません。あらかじめご了承ください。ご注文いただく際は、贈り先の方の普段ご着用されているサイズ感やお好みを十分に考慮のうえ、ご注文をお願いいたします。万が一、お届け商品に不備がございました場合はお手数ではございますが、お問い合わせフォーム 会員情報・商品・その他（ギフト・その他のお問い合わせ） 会員情報・商品・その他（ギフト・その他のお問い合わせ） より、弊社カスタマーサポートセンターまでご連絡をお願いいたします。
https://zozo.jp/_help/default.html?id=6196f042dc8c7b002270490e,LINEギフトとはLINEギフトはLINEの友だちにプレゼントができるサービスです。ZOZOTOWNでは、お買い物時にご利用いただけるZOZOポイントをプレゼントすることができます。ギフトの購入方法についてはこちらをご確認ください。
https://zozo.jp/_help/default.html?id=6196f135ad53a2001d58272e,LINEギフトの受け取り方1）メッセージ画面で「LINEギフトを受け取る」をタップ2）ZOZOTOWNのページが表示されたら、ログインをします。※ZOZOポイントを取得後に別のアカウントへポイントを移すことはできないので、ご注意ください。3）ログイン後、「クーポンを取得する」をタップすると、ZOZOポイントが付与されます。【注意事項】・ポイントの取得には、ログインが必要となります。・会員登録がお済みでないお客様は、新規会員登録後にログインのうえ、同様にお手続きください。・ポイントは、1つのギフトにつき1回限り取得が可能です。・ポイントの取得状況および利用期限は、登録情報ページ内の「ZOZOポイント」よりご確認ください。
https://zozo.jp/_help/default.html?id=61970e572ba6e5001ddc5874,LINEギフトポイントとはZOZOTOWNでのご注文の際、1ポイント＝1円としてポイントをご利用いただけます。保有しているZOZOポイントを利用される際は、サイトにログインしてください。なお、ご注文の手順に関しましては、ヘルプページ「注文方法（会員）」をご確認ください。【注意事項】・一部、ZOZOポイントをご利用いただけない商品がございます。・ポイントは、送料や各種手数料にはご利用いただけません。・ポイントの不正取得・利用が発覚した場合は、厳正に対処いたします。・ポイントを利用した注文のキャンセル・返品における、ポイント返還の条件は以下のとおりです。（1）ポイントの有効期限内であれば、取得時と同一の期限にて返還いたします。（2）弊社不備によるキャンセル・返品の場合は、ポイントの有効期限を超過していても、7日間の期限にて再度付与いたします。・本ポイントの配布に関して、予告なく内容の変更および終了をすることがあります。
https://zozo.jp/_help/default.html?id=62fda49fce3d710022d9e67c,注文の取消し以下に該当する場合を除き、注文のキャンセルが可能です。キャンセルの手順や注意事項は、ヘルプページ「注文の取消し手順」「注文の取消しに関する注意事項」をご確認ください。● 福袋、福箱● ZOZOUSEDの商品● （※1）予約商品● （※1）ショップ「マルチサイズ」の取寄せ商品● （※1）商品ページ上に「受注生産」の記載がある商品● （※2）配送状況が「発送処理中」「発送済み」の注文※1：注文後24時間以内であればキャンセルが可能です。※2：ショップ直送商品は、配送状況の反映のタイミングにより「発送準備中」の状態でもキャンセルをお受けできない場合がございます。
https://zozo.jp/_help/default.html?id=5ece39d49ed84e001ea6e367,注文の取消し手順注文取消しの手順は下記のとおりです。なお、ログイン・会員登録をせずに注文された場合は、注文確定メール内に記載の「注文履歴ページ」のリンクにアクセスのうえ、下記手順にそってお手続きください。※配送先の入力がお済みでない注文の取消しはヘルプページ「注文の取消し手順（ログインなし/配送先未入力の場合）」の手順をご確認ください。1）トップページ右上のログインボタンより「注文履歴・発送状況」をクリックします。トップページのメニュー内からログインする。2）メニュー内のID名から「注文履歴」をタップします。2）3）発送前商品から取消しを希望されるご注文を選び、注文詳細・各種手続きから、「注文の取り消し」ボタンをクリックします。※商品の発送状況が「発送処理中」もしくは「発送済み」の状態のご注文は取消しができません。4）「注文の取り消し」ボタンをタップします。5）取消しをする商品にチェックを入れ、取消し数量を入力して「確認する」ボタンをタップ。6）内容を確認のうえ、「登録する」ボタンをタップ。7）「取消しが完了いたしました」と表示され、お手続き完了です。3）ご注文の詳細が表示されますので、ご注文の取消しを希望する商品にチェックを入れ、取消し数量を入力します。4）ご注文内容の下に表示される「確認する」ボタンをクリックします。5）お取消し内容が表示されますので、誤りがないかをご確認のうえ、「確定する」ボタンをクリックします。6）ご注文の取消し手続きが完了いたしますと「注文を取り消しました。」と表示されます。
https://zozo.jp/_help/default.html?id=5ece39d49ed84e001ea6e368,注文の取消し手順（ログインなし/配送先未入力の場合）ログインをせずに注文し、配送先情報の入力がまだお済みでない場合は、以下の手順で注文の取消しが可能です。1）「order@contact.zozo.jp」から配信されている件名「配送先のご入力はお済みでしょうか？」のメールを開く。※注文後、配送先情報を入力せずに1時間が経過すると、注文は自動的に取消しとなります。2）メール内に記載の「必要情報入力ページ」のURLにアクセスする。3）表示されたページの下部にある「このご注文をキャンセルする」を押し、取消し手続きを完了させてください。
https://zozo.jp/_help/default.html?id=6040f632122d890023f2b92f,注文の取消しに関する注意事項一度注文の取消しが完了すると、注文の復元はお受けできませんのでご注意ください。なお、ご利用の支払方法によってそれぞれ注意点がございますので、下記内容をあわせてご確認ください。■コンビニ決済をご利用の注文システム上、お客様ご自身での注文取消し手続きはできません。注文の取消しをご希望の場合は、「問い合わせフォーム」よりご連絡ください。■PayPayをご利用の注文PayPay（残高）への返金のタイミングは以下のとおりです。・全商品取消しとなる場合：取消し手続き後即時・一部取消しとなる場合：注文商品の発送が完了した後なお、クレジットカードやZOZOポイントと併用されている場合、クレジットカード⇒PayPay⇒ZOZOポイントの順序で、返金（決済取消し）の手続きをおこないます。■LINE Payをご利用の注文LINE Pay残高への返金のタイミングは以下のとおりです。・全商品取消しとなる場合：取消し手続き後即時・一部取消しとなる場合：取消し手続き後2週間程度
https://zozo.jp/_help/default.html?id=5ece39d49ed84e001ea6e369,商品の返品理由によって返品可否および対応をお受けできる商品が異なります。また、対応をお受けするにあたり条件や注意事項がございますので、ヘルプページ「返品・交換の条件」「商品を返送する際の注意事項」を必ずご確認ください。■「サイズが合わない」「イメージと違う」「注文を間違えた」商品ページおよび注文履歴上に、「返品・交換対象外（※）」の記載がない商品であれば、返品が可能です。※返品・交換対象外商品の一例 下着、水着等、化粧品等の衛生商品 ギフトラッピングを利用した商品 フィギュア 福袋・福箱 雑誌■「商品に不良がある」「注文していない商品が届いた」「商品詳細の記載内容に誤りがある」すべての商品において、返品が可能です。
https://zozo.jp/_help/default.html?id=62b9179b653ee7001e73ce6e,商品の変更・交換受取り前の商品について、サイズやカラーを含め、商品の変更は承っておりません。なお、受取り後の商品については、理由により、交換対応可否が異なります。また、対応をお受けするにあたり条件や注意事項がございますので、ヘルプページ「返品・交換の条件」「商品を返送する際の注意事項」を必ずご確認ください。■「サイズが合わない」「イメージと違う」「注文を間違えた」商品の交換は承っておりません。■「商品に不良がある」「注文していない商品が届いた」「商品詳細の記載内容に誤りがある」同一商品との交換での対応が可能です。※ZOZOUSEDの商品は、交換品のご用意がないため、返品のみの対応となります。
https://zozo.jp/_help/default.html?id=5ece39d49ed84e001ea6e36e,商品の修理・お直し商品ページ上にサイズ直し可である旨の記載があるものを除き、裾上げやお直しの対応は承っておりません。なお、販売ショップによっては、使用後の商品に生じた不具合などの修理をお受けできる場合がございます。対応可否や料金についてはショップに確認の必要がございますので、ご希望の場合は「問い合わせフォーム」よりご連絡ください。※ZOZOUSEDの商品の修理・お直しは承っておりません。
https://zozo.jp/_help/default.html?id=5ece39d49ed84e001ea6e36a,返品・交換の条件商品ページ上に「返品・交換対象外」の記載がない商品でも、以下に該当する場合は返品・交換をお受けできません。ヘルプページ「商品の返品」「商品の変更・交換」「商品を返送する際の注意事項」とあわせて、必ず返送前にご確認ください。 商品タグ（※）の紛失、破損・汚損がある場合※紐などでくくられている下げ札や、袋や箱に貼付されているシールタグなどがあります。 商品本体に縫い付けられているタグを切り離した場合 商品に付属する箱や袋（※）の紛失、破損・汚損がある場合※アクセサリーやシューズに付属することが多いです。ブランド名の記載があるもの、布袋、靴箱などのパッケージは付属品の扱いとなります。 商品を使用・洗濯した場合（水通しを含む） 商品に破損、汚損、シワの発生、においの付着があるなど、お届け時と状態が異なる場合 商品を受取った日より一週間以上経過している場合 返品および交換の申請をしていない場合※申請方法はヘルプページ「返品の申請方法」「交換の申請方法」をご確認ください。【その他注意事項】店舗取り置き注文の商品は、ZOZOTOWNで対応をお受けできません。お受け取りいただいた店舗に直接ご確認ください。
https://zozo.jp/_help/default.html?id=5ece39d49ed84e001ea6e36b,返品の申請方法「商品の返品」に記載のある返品交換条件を満たしている商品は、以下の手続きが可能です。1）「注文履歴注文履歴」内の「注文詳細・各種手続き」より「返品・交換の手続き」へ進み、手続きをお願いします。ログイン・会員登録せずに注文された場合は、注文後に届く注文確定メール内より「注文履歴」へ進むことが可能です。2）手続き完了後、会員登録メールアドレスへ返送のご案内メールを配信いたします。内容を確認のうえ、商品のご返送をお願いします。ログイン・会員登録せずに注文された方の場合、注文時にご入力のメールアドレスに配信いたします。	3）ご返送商品を確認後、7営業日以内に返金日などの詳細をメールでご連絡いたします。	※一部商品は、販売ショップに返品手続きの詳細について、確認をおこなう場合がございます。その際は、販売ショップへの確認ができ次第、今後の返品対応の流れについて、改めてご案内いたします。※商品の状態によって返品をお受けできない場合、大変申し訳ございませんが、商品はお返しさせていただきます。ご了承ください。※店舗取り置き注文の商品は、ZOZOTOWNで対応をお受けできません。お受け取りいただいた店舗に直接ご確認ください。
https://zozo.jp/_help/default.html?id=5ece39d49ed84e001ea6e36c,交換の申請方法「商品の返品」に記載の条件を満たしている商品は、以下の手続きが可能です。1）「注文履歴注文履歴」内の「注文詳細・各種手続き」から「返品・交換の手続き」へ進み、返品理由を選択後、詳細記入画面の下に表示される「交換を希望する」にチェックを入れ、画面にそって手続きをお願いします。ログイン・会員登録せずにご注文された場合は、注文後に届く注文確定メール内より「注文履歴」へ進むことが可能です。2）手続き完了後、会員登録メールアドレスへ受付完了メールを配信いたします。ログイン・会員登録せずに注文された方の場合、注文時にご入力のメールアドレスに配信いたします。3）弊社にて交換在庫の有無を確認のうえ、今後の対応について、2～3日以内にメールでご連絡いたします。※一部商品は、販売ショップに交換手続きの詳細について、確認をおこなう場合がございます。その際は、販売ショップへの確認ができ次第、今後の交換対応の流れについて、改めてご案内いたします。※商品はお届け時の状態のまま、保管をお願いします。※交換在庫の手配ができない場合は、ご返金にて対応させていただきます。※店舗取り置き注文の商品は、ZOZOTOWNで対応をお受けできません。お受け取りいただいた店舗に直接ご確認ください。
https://zozo.jp/_help/default.html?id=649295783b2d33001b2d0fd3,返品ではなく交換したい / 返品申請を取り消したい【返品ではなく交換したい】返品理由が以下の場合、交換対応は承っておりません。「サイズが合わない」「イメージと違う」「注文を間違えた」交換をご希望の場合は、返品後に再注文をお願いいたします。詳細は「商品の変更・交換」をご確認ください。【返品申請を取消したい】取り消し手続きおよびお問い合わせは不要です。お手元の商品は、そのままお受け取りください。
https://zozo.jp/_help/default.html?id=62b1123df02f67001d6051b1,商品を返送する際の注意事項返品や交換、修理などの対応において、商品をご返送いただく際の注意事項は下記のとおりです。【返送期限について】商品は以下のとおり定められた期限内にご返送ください。・返品、修理対応：弊社より返送方法のご案内をした日から一週間以内・交換対応：交換商品をお受け取りいただいた日から一週間以内※交換対応は不備があった場合のみ承っております。【返送品について】ご返送の際、私物を誤って同梱されないようご注意ください。また、お問い合わせ内容や返金先を記載したメモ等が同梱されている場合、個人情報保護の観点よりすぐに破棄しています。内容の確認および引継ぎ等もいたしかねますので、何かご連絡事項がある場合は「問い合わせフォーム」よりあらためてお問い合わせください。なお、返品・交換の条件を満たしていない商品は、ご返送いただいても対応をお受けできません。条件の詳細は、ヘルプページ「返品・交換の条件」をご確認ください。【梱包について】靴箱やパッケージも商品の一部となりますため、直接伝票を貼らずに、必ず上から梱包してください。※梱包を配送業者等に依頼する際はご注意ください。返品または交換申請がお済みの返送品が複数ある場合は、別々に申請されたお品でも、梱包を一つにまとめてご返送いただいて問題ございません。
https://zozo.jp/_help/default.html?id=624fc03a7b9e340022281e46,返品時の返送料返品対応時に発生する返送料の扱いは下記のとおりです。※返品の際は事前にご申請いただく必要がございます。詳細はヘルプページ「返品の申請方法」をご確認ください。なお、返送に関する詳細は、返品申請後に届く返送案内メールにも記載がございますので、必ずあわせてご確認ください。※商品の返送が簡単にできるサービスもございます。詳細はヘルプページ「便利な返送サービス」をご確認ください。● お客様都合による返品：お客様負担（元払い） ∟サイズが合わなかった場合 ∟イメージが違った場合● 不備による返品：弊社負担（着払い） ∟不良があった場合 ∟注文と異なる商品が届いた場合 ∟商品ページに記載の情報に誤りがあった場合※キャンペーン等によって一時的に変更となる場合がございます。
https://zozo.jp/_help/default.html?id=624fc3f5455222001d606950,便利な返送サービス商品の返送が簡単にできるサービスをご紹介いたします。◆ヤマト運輸「宅急便をスマホで送るサービス」ヤマト運輸の直営店やPUDO、セブン-イレブン、ファミリーマートから、簡単に元払い・着払いでの発送手続きが可能です。以下フォームより二次元コードを発行し、営業所にお持ち込みください。※一部、クロネコメンバーズ限定のサービスとなります。・ご利用方法はこちら◆非対面発送サービス「 SMARI（スマリ）」スマリボックスが設置されているローソンやご自宅の宅配ボックスなどから、簡単に元払い・着払いでの発送手続きが可能です。返品申請後に送られてくる返送案内メールに、専用の二次元コードが記載されているため、そちらをスマリモニターにかざしてください。・ご利用方法はこちら◆日本郵便「e発送サービス 宛先ご指定便」全国の郵便局やローソンから簡単に着払いでの発送手続きが可能です。受付フォームより二次元コードを発行し、最寄の店舗にお持ち込みください。※発送時に元払い伝票が印字されますが、送料の請求はございません。・ご利用方法はこちら
https://zozo.jp/_help/default.html?id=5ece39d49ed84e001ea6e36d,返金方法注文時に指定された支払い方法に準じてご返金いたします。また、返送商品を確認した後、7営業日以内に返金日などの詳細をメールにご案内いたします。※一部商品は、販売ショップに返金の予定日について、確認をおこなう場合がございます。その際は、販売ショップへの確認ができ次第、今後の返金の流れについて、改めてご案内いたします。【注意事項】・以下に該当する場合は、送料や支払い手数料、即日配送料などの各種手数料が返金対象外となります。① 注文商品のうち一部を返品される場合（お届け商品に不備があった場合を含む）② お客様都合の理由により、同注文においてすべての商品を返品される場合（支払い方法がツケ払い、クロネコ代金後払い、GMO後払いの場合を除く）・ご注文で取得したポイントをすでに使用されている場合、ご返金金額より差し引かせていただきます。◆クレジットカードをご利用の場合◆決済の取消をいたします。すでに決済が確定している場合は、引き落とし後にクレジットカード会社よりキャッシュバックとなります。※分割手数料は返金対象外となります。※注文商品の一部を返品した場合、一度確定している決済情報を取り消し、受取商品の金額にて再計算された支払合計にて決済の立て直しをおこないます。※決済の立て直しができない場合や、ご利用のカードに何らかの問題があり取消しができない場合は、銀行振込でご返金いたします。◆PayPay決済をご利用の場合◆PayPay（残高）にご返金いたします。※クレジットカードとPayPayを併用しお支払いいただいた場合、クレジットカードのご利用分から優先的にご返金いたします。※ご返金ができない場合は、銀行振込でご返金いたします。※発送前キャンセル時のご返金に関する注意事項は、ヘルプページ「注文の取消しに関する注意事項」をご確認ください。◆LINE Payをご利用の場合◆LINE Pay決済の取消をいたします。※取消ができない場合は、銀行振込でご返金いたします。◆代金引換・コンビニ決済をご利用の場合◆ご指定の銀行口座に振込みでご返金いたします。※土日祝日を除く、7営業日程度お時間をいただきます。◆ツケ払い・GMO後払いをご利用の場合（支払い前）◆決済の取消しをいたします。注文商品のうち一部を返品をした場合は、返品分を差し引いた正しい請求内容のメールを再送しますので、そちらを確認のうえお支払いください。◆ツケ払い・GMO後払いをご利用の場合（支払い後）◆ご指定の銀行口座に振込みでご返金いたします。※土日祝日を除く、7営業日程度お時間をいただきます。◆ポイントをご利用の場合◆返金手続きの時点で有効期限を超過していない場合、使用されたポイントをお戻しします。※各種キャンペーンにより付与されたポイントは、キャンペーンごとにポイント返還の条件が異なります。有効期限内でも返還されないポイントがございますため、詳細はキャンペーンの注意事項よりご確認ください。※ポイントと他の支払い方法を併用されている場合、他の支払い方法のご利用分から優先的にご返金いたします。
https://zozo.jp/_help/default.html?id=5ece3e85d47784001e0e4216,注文商品の保証書「保証書が添付されている商品」をお買い求め頂いた際は、商品発送の際に保証書を同封しております。販売店印の欄は空欄となりますが、納品書が販売元・購入日の証明となりますので、保証書とともに納品書も大切に保管していただきますようお願いいたします。※ZOZOUSEDの商品で保証書が添付されている場合、以前に使用していた方の保証書が添付されております。
https://zozo.jp/_help/default.html?id=5ece39d49ed84e001ea6e38e,会員登録ZOZOTOWNに会員登録をしていただくと、よりスムーズにお買い物が可能です。年会費・登録料・更新料・維持費などの料金は一切かからず、パソコン・スマートフォンで、共通して1つのアカウントをご利用いただけます。会員登録の手順は、ヘルプページ「会員登録の手順」をご確認ください。なお、会員登録後は、ログインをしていただくことで、ZOZOCARDのお申し込みや、各種クーポンポイントの取得・利用も可能となります。
https://zozo.jp/_help/default.html?id=5ece39d49ed84e001ea6e38f,会員登録の手順会員登録の手順は以下のとおりです。1）ZOZOTOWNトップページ右上にある「ログイン」の文字をクリックします。ZOZOTOWNトップページ左上のメニューから「新規会員登録」をタップします。※アプリをご利用の場合は「計測・その他」から「新規会員登録」をタップしてください。2）ログイン画面で「新規会員登録」をクリックします。3）2）会員登録方法は「メールアドレス」「LINE」「Yahoo! JAPAN ID」「Apple」の4つからお選びいただけます。利用規約とプライバシーポリシーをご確認のうえ、ご希望の登録方法をご選択ください。4）3）画面にしたがって、基本情報を入力のうえ会員登録をしてください。※登録手続きのなかでメールアドレスの認証が必要となります。5）4）「会員登録が完了しました」と表示され、ご登録は完了です。同時に、ご入力いただいたメールアドレスに、ZOZOTOWN＜member@contact.zozo.jp＞より「会員登録完了のお知らせ」を配信いたします。※パスワードを含め、登録された情報は大変重要な情報です。忘れたり他人に知られたりすることのないよう、大切に保管してください。
https://zozo.jp/_help/default.html?id=63c740c3c6e587002350bd6a,パスワード設定時の注意事項昨今、悪意のある第三者が不正取得したメールアドレスやID・パスワードを使用し、不正にログインを試みるという事案があることが、様々なインターネットサイトにおいて報告されております。こちらは、パスワードの使い回し（他サイトでも同一のパスワードを使用すること）により、被害に遭ってしまう可能性が高くなります。そのため、会員登録の際は、被害拡大防止のためにも、サイトごとに異なる複雑で推測されにくいパスワードをご設定ください。また、会員登録されている方は、あらためてパスワードの強化をお願いいたします。【推測されやすいパスワードの例】● 生年月日をならべたもの● 覚えやすい数字や言葉の羅列● 名前と誕生日の組み合わせ【安全なパスワードの例】● 10桁以上かつ英大文字小文字＋数字＋記号の組み合わせ● サイトごとに異なるパスワードなお、「ログイン通知の設定」ページでは、普段利用していない端末・ブラウザでログインがあった際、メールで通知が届くように設定することができます。これにより、心当たりのないログインがあった場合、いち早く不正ログインに気付くことが可能となりますため、ぜひご活用ください。設定方法は、ヘルプページ「ログイン通知の設定方法」をご確認ください。
https://zozo.jp/_help/default.html?id=5ece39d49ed84e001ea6e391,ログインができない場合ログインができない場合、下記内容のいずれかに当てはまっている可能性がございます。◆メールアドレス・パスワードの入力でログインできない場合【ご入力のメールアドレス・パスワードに誤りがある】文字列に誤りがなくても、英数字の大文字・小文字の組み合わせが異なる場合や、全角入力になっている場合はログインできません。アットマークのみ全角になっている可能性もありますので、いま一度入力情報をお確かめください。【一時的にログイン制限がかかっている】セキュリティ保護の観点上、メールアドレスまたはパスワードのご入力に複数回誤りがあった場合など、一時的にログイン制限をかけることがございます。以下のエラーメッセージが表示された場合は、時間をおいて再度ログインをお試しください。● 一定回数ログインできなかったため、ログインを制限しています。時間をおいて再度お試しください。● ログインを制限しています。パスワードを再設定するか、時間をおいて再度お試しください。なお、パスワードをお忘れの場合は「パスワードを忘れた方パスワードを忘れた方」より、ご登録のメールアドレスと生年月日をご入力のうえ、パスワードの再発行をしてください。◆「LINE」「Yahoo! JAPAN ID」「Apple」でログインできない場合ZOZOTOWNでは、原因の確認および対処方法のご案内ができないため、以下ページをご参照ください。・LINE：LINE公式サイト「パスワードを忘れた場合は？」・Yahoo! JAPAN ID：Yahoo! JAPAN公式サイト「ログインできない場合のお手続き」・Apple：Apple公式サイト「iCloud に接続またはサインインできない場合」
https://zozo.jp/_help/default.html?id=5ed737f0f4f3d800223142d4,パスワードをお忘れの場合メールアドレスでログインする際、それに紐づくパスワードをお忘れの場合は、以下の手順でパスワードの再設定手続きを行ってください。1）「パスワードを忘れた方」画面より、ご登録いただいているメールアドレスと生年月日を入力し、「メールを送信する」ボタンをクリックします。1）「パスワードを忘れた方」へアクセスします。2）ご登録メールアドレスと生年月日を入力し、「送信する」ボタンをタップします。※ご登録されたメールアドレスをお忘れの場合や変更があった場合、または登録時の生年月日に誤りがある場合には、パスワードの再発行はできませんので、新たに会員登録をお願いいたします。2）3）ご入力いただいたメールアドレスに、「パスワード再設定のお知らせ」メールをお送りします。メールに記載のURLをクリックタップします。3）4）新しいパスワードの再設定をし、「登録する」ボタンをクリックタップします。4）5）表示される本登録のメールアドレスと新しいパスワードをご確認のうえ、「登録する」ボタンをクリックタップし、お手続き完了です。また、他サービスIDの「ID・パスワード」をお忘れの場合は、下記ページをご確認のうえ、お手続きください。・LINE：LINE公式サイト「メールアドレス・パスワードの設定」・Yahoo! JAPAN ID：Yahoo! JAPAN公式サイト「ログインできない場合のお手続き」・Apple：Apple公式サイト「Apple IDまたはパスワードを忘れた場合」
https://zozo.jp/_help/default.html?id=6204a0c3d79f060023f5d723,ログイン履歴とはログイン履歴とは、ご利用のアカウントで株式会社ZOZOのサービスにログインした日時や、ログイン時の端末情報が確認できるページです。ご自身のログイン以外に、第三者による不正なログインがないかをご確認いただけます。「ログイン履歴」ページで確認できる情報は、下記のとおりです。【ログイン日時】ログインが完了した日時が表示されます。※海外からのアクセスを含め、日本標準時（JST）で表示されます。【アクセス元】ログイン時のアクセス地点（国名）が表示されます。※国名は「不明」と表示されることがあります。※アクセス地点の判定に誤差が生じ、異なる国名で表示されることがあります。【端末名】ログインの際に利用した端末名が表示されます。※スマートフォンやタブレット端末などで、「デスクトップ用Webサイト」の表示設定をしている場合は、端末名が正しく表示されない可能性がございます。【サービス】ログインしたサービスの名称が表示されます。※現時点ではZOZOTOWNのみ表示しております。【ログイン方法】ログインしたアカウントの種類（メールアドレス・LINE・Yahoo! JAPAN ID・Apple）が表示されます。【IPアドレス】ログインの際に利用した機器のIPアドレス（グローバルIPアドレス）が表示されます。万が一、身に覚えのないログイン履歴があった場合は、ヘルプページ「身に覚えのないログイン履歴があった場合」をご確認ください。なお、「ログイン通知の設定」ページでは、普段利用していない端末・ブラウザでログインがあった際、メールで通知が届くように設定することができます。設定方法は、ヘルプページ「ログイン通知の設定方法」をご確認ください。
https://zozo.jp/_help/default.html?id=6204a11db02e7e001df030c3,ログイン通知の設定方法「ログイン通知の設定」ページでは、普段利用していない端末・ブラウザでログインがあった際、メールで通知が届くように設定することができます。※ログイン通知のメールは「no-reply@zozo.jp」より配信いたします。※携帯電話の機種変更などをした際にも、通知される場合がございます。※買い替え割・買取ページでのログインは通知の対象外となります。設定手順は以下をご確認ください。1）トップページのメニュー内からログインログインします。2）メニュー内のID名からトップページ右上のID名より「登録情報登録情報」をタップクリックします。3）「セキュリティ」の項目内にある「ログイン通知の設定」をタップクリックします。4）「変更」ボタンをタップクリックします。5）「通知する」にチェックを入れて、「確認する」ボタンをタップクリックします。6）内容をご確認のうえ「変更する」ボタンをタップクリックすると、お手続き完了となります。
https://zozo.jp/_help/default.html?id=6204a153ccf43c001dc590a0,身に覚えのないログイン履歴があった場合「ログイン履歴」ページに身に覚えのないログイン履歴があった場合は、セキュリティ強化のためにも、下記内容を参考にご対応をお願いいたします。※スマートフォンやタブレット端末などで、「デスクトップ用Webサイト」の表示設定をしている場合は、端末名が正しく表示されない可能性がございます。■ログイン方法が「メールアドレス」の不審な履歴があった場合パスワードの変更をご検討ください。■ログイン方法が「LINE」「Yahoo! JAPAN ID」「Apple」の不審な履歴があった場合以下の対応をご検討ください。・パスワードの変更・SMS認証などの認証方法の設定・変更・他サービスIDの連携解除（連携済みの場合に限る）なお、同一のID・パスワードを他社サイトなどでも使用している場合は、不正ログインのリスクが高くなりますので、サイトごとに異なるパスワードを設定していただくことを推奨いたします。
https://zozo.jp/_help/default.html?id=639bfcd4f539ae001d5e922d,認証コードが届かない場合認証コードの入力を求められたにもかかわらず、認証コードのメールが届かず、新規会員登録およびログインができない場合、下記内容が原因となっている可能性がございます。■メールの受信が許可されていないご利用の端末やメーラーの設定によりメールが届かない状態になっている可能性がございます。お手数ですが、ドメイン指定受信の設定において「@zozo.jp」「@contact.zozo.jp」からのメールの受信を許可してください。あわせて、ヘルプページ「メールが届かない場合」をご参考に、設定の見直しをお願いいたします。■会員登録メールアドレスに誤りがある（すでに会員の方のみ）ご登録のメールアドレスに誤りがあり、メールが届かない状態になっている可能性がございます。お手数ですが、一度、Yahoo! JAPAN IDではなくメールアドレスとパスワードでログインし、ご登録のメールアドレスを別の受信可能なメールアドレスに変更してください。変更方法の詳細は、ヘルプページ「会員情報の変更」をご確認ください。なお、上記のとおりご対応いただいても解決しない場合、詳細を確認いたしますので「問い合わせフォーム」よりお問い合わせください。
https://zozo.jp/_help/default.html?id=5ece39d49ed84e001ea6e392,会員情報の変更会員登録情報は、登録情報ページより変更が可能です。※会員登録生年月日は、変更できませんのでご注意ください。ご変更の手順は、以下のとおりです。1）ログインします。トップページのメニュー内からログインします。2）トップページ右上のログインボタンよりメニュー内のID名から「登録情報登録情報」をクリックタップします。3）「会員登録情報の変更」ボタンをクリックタップします。4）「変更」ボタンをタップします。5）変更する項目を入力して「確認する」ボタンをタップし、お手続き完了です。4）変更される項目をご入力いただき、「確認する」ボタンをクリックすると、お手続き完了となります。【注意事項】・会員情報の住所を変更されても、商品のお届け先には反映されません。商品のお届け先を変更される場合は、ヘルプページ「お届け先の追加・変更」をご覧ください。また、すでに確定しているご注文のお届け先をご変更されるには、ヘルプページ「お届け先の変更方法」をご覧ください。・メールアドレスで会員登録をされている方は、登録メールアドレスを変更された場合、変更後のメールアドレスと設定したパスワードでログインが可能となります。
https://zozo.jp/_help/default.html?id=5ece39d49ed84e001ea6e393,お届け先の追加・変更商品のお届け先は変更、または追加をすることができます。お届け先の住所を複数ご登録いただくことで、ご注文の際にお届け先を選択することが可能となります。ご自宅だけでなく、勤務先やご実家、ご友人宅などのお届けにご利用されると大変便利です。お届け先住所の変更・追加の手順は以下のとおりです。1）ログインします。トップページのメニュー内からログインします。2）メニュー内のID名から「登録情報」をタップします。2）トップページ右上のログインボタンより「登録情報」をクリックします。3）「お届け先の 追加・変更」をクリックします。4）お届け先の住所を変更する場合は「変更」ボタンを、住所を追加する場合は「お届け先を追加する」ボタンをクリックします。4）各項目を記入して「確認」ボタンをタップします。5）お届け先の住所を変更する場合：変更個所を記入し「確認する」ボタンをクリックします。お届け先住所を追加する場合：必要事項を記入し「確認する」ボタンをクリックします。6）5）内容をご確認のうえ、「変更する登録」ボタンをクリックタップし、登録完了となります。
https://zozo.jp/_help/default.html?id=5ece39d49ed84e001ea6e394,クレジットカード情報の追加・変更クレジットカード情報は、ご注文時に「お支払い方法の選択」で「クレジットカードでお支払い」を選択された際にご入力いただけます。「このクレジットカード情報を登録する」にチェックを入れると、クレジットカード情報が登録され、次回以降、再度ご入力いただく必要はございません。なお、ご登録いただいているクレジットカード情報は弊社判断によりリセットされる可能性があります。あらかじめご了承ください。※登録できるクレジットカード情報は最大5つです。※セキュリティについては、ヘルプページ「セキュリティについて」をご確認ください。クレジットカード情報のご変更の手順は、以下のとおりです。1）ログインします。トップページのメニュー内からログインします。2）トップページ右上のログインボタンよりメニュー内のID名から「登録情報登録情報」をクリックタップします。3）「クレジットカードの情報」をタップします。3）「変更」ボタンをクリックします。4）「変更」ボタンをタップします。4）変更箇所を入力し、「修正する」ボタンをクリックします。登録情報の削除を行う場合はチェックボックスにチェックをし、「修正する」ボタンをクリックします。5）変更項目を入力し、「変更」ボタンをタップします。カードの登録情報を削除する場合は「このカード情報を削除」ボタンをタップします。5）6）内容をご確認のうえ、「変更する」ボタンをクリックタップし、登録完了となります。
https://zozo.jp/_help/default.html?id=5ece39d49ed84e001ea6e397,他サービスIDとの連携会員登録をされている場合、ご利用のアカウントと他サービスID（LINE・Yahoo! JAPAN ID・Apple）の連携が可能です。連携することで、ひとつのアカウントで他サービスIDを利用してログインできるようになります。連携や解除の方法につきましては、ヘルプページ「各種アカウントの連携」「他サービスIDの連携解除方法」をご確認ください。また、登録情報ページ内の「他サービスIDとの連携」では、他のサイトIDのご利用状況の確認や連携・解除の設定が可能です。
https://zozo.jp/_help/default.html?id=61406a7ba1b934002373f2c2,LINEとの連携方法ZOZOTOWNとLINEを連携していただくことで、過去にチェックしたアイテムの値下げや再入荷情報、セールやイベント情報のお知らせなどが配信されます。詳細は「サービス紹介ページ」をご確認ください。なお、連携手続きの方法は以下のとおりです。1．LINEアプリの友だち追加より以下QRコードを読み込むもしくは、ID検索より「＠ZOZOTOWN」を入力し、ZOZOTOWNの友達追加をする。1．「LINE IDとの連携」のページ内にある「連携する」のボタンをタップし、開いたLINEアプリの画面でZOZOTOWNを友だち追加する。2．友だち追加後に配信されるメッセージや、「連携」と入力して返ってくるメッセージより連携手続きに進む。3．ZOZOTOWNに登録されているメールアドレス・パスワードを入力し、「ZOZO IDとLINEを連携する」をタップする。4．「LINE ID連携ありがとうございます」とポップアップが表示されたら連携手続きの完了です。
https://zozo.jp/_help/default.html?id=5ece3e85d47784001e0e4221,退会方法ZOZOTOWN会員の退会をご希望の場合は、以下の手順を確認のうえ、お手続きをお願いいたします。なお、退会後は登録情報や注文情報をご確認いただけませんので、あらかじめご了承ください。【退会の手順】1）ログインします。トップページのメニュー内からログインします。2）トップページ右上のログインボタンより「登録情報」をクリックします。メニュー内のID名から「登録情報」をタップします。3）登録情報ページの左下の一番下の項目の「退会手続き退会手続き」をクリックタップします。4）注意事項を確認のうえ、項目にすべてチェックを入れたら「退会する」をクリックタップします。5）「退会手続きが完了しました」と表示されますと、退会のお手続きは終了です。
https://zozo.jp/_help/default.html?id=6425153542d94e001b934e90,年齢認証とは年齢認証とは、お客様の会員登録生年月日が正しいものであることを、オンライン上で認証する手続きです。※年齢認証システムは、株式会社Liquidが提供する「LIQUID eKYC」を利用しております。推奨環境およびよくある質問は「Liquid公式サイト」よりご確認ください。「年齢認証画面年齢認証画面」より「氏名」「生年月日」を入力し、指定の本人確認書類を撮影していただくことで、お客様の情報を照合いたします。手続きの手順は、ヘルプページ「年齢認証手続きの手順年齢認証手続きの手順」をご確認のうえ、カメラ付きの端末より操作をお願いいたします。なお、年齢認証時に有効な本人確認書類は以下のとおりです。※コピーは無効です。必ず有効期限内の原本をご用意ください。● 運転免許証● 運転経歴証明書● マイナンバーカード● 在留カード● パスポート● 保険証● 学生証（氏名/生年月日が記載されているもの）
https://zozo.jp/_help/default.html?id=64250bb3abbd1d001cd8fbad,年齢認証手続きの手順年齢認証手続きの手順は下記内容をご確認ください。※手続きの際は、カメラ付きのスマートフォンでの操作を推奨しております。1）トップページのメニュー内からログインログインします。2）メニュー内のID名からトップページ右上のID名より「登録情報登録情報」をタップクリックします。3）「生年月日」の項目内にある「認証」ボタンをタップクリックします。 4）「認証手続きに進む」ボタンをタップクリックします。5）氏名・生年月日を入力し、「同意して本人確認書類を撮影する」ボタンをタップクリックします。※入力された氏名・生年月日と本人確認書類の情報に相違がある場合、承認されません。入力内容をよくご確認ください。※「同意して本人確認書類を撮影する」ボタンを押すと、ZOZOTOWNに登録されている氏名・生年月日の情報が更新されます。6）撮影する本人確認書類と「注意事項を確認しました」にチェックを入れ、「次へ進む」をタップクリックします。7）「撮影開始」をタップクリックして、本人確認書類を撮影します。8）撮影が完了したら「次へ」をタップクリックします。9）「年齢認証のお申込み完了」ページに遷移し、「no-reply@zozo.jp」よりお申込み受付完了のメールが配信されます。10）審査完了後に「no-reply@zozo.jp」より配信される審査結果のメールにて、審査結果を確認します。※通常3時間以内に審査結果のメールが配信されますが、申込みが集中した場合や提出した書類に不備があった場合は、数日かかる場合があります。11）審査結果に問題がなければ、年齢認証は完了です。審査が通らなかった場合は、あらためて年齢認証手続きをおこなうことが可能です。
https://zozo.jp/_help/default.html?id=5ece39d49ed84e001ea6e39c,各種アカウントの連携ZOZOTOWNのアカウントは、各種他サービスID（LINE・Yahoo! JAPAN ID・Apple）との連携が可能です。連携することで、ご登録のメールアドレスとパスワードを入力しなくても、他サービスのアカウントを利用してログインができるようになります。また、他サービスIDを利用して会員登録を行った場合は、パスワードを設定することで、メールアドレスとパスワードでのログインが可能になります。連携を希望される場合は、下記内容を参考にお手続きください。■メールアドレスでログインされているお客様他サービスIDでのログイン方法は以下の通りです。1）下記URLにアクセスします。● パソコンをお使いの方はこちら● スマートフォンをお使いの方はこちら2）他サービスID（LINE・Yahoo! JAPAN ID・Apple）の連携をクリックタップ3）案内に従って連携し、「ID連携」ページで連携済になっていれば連携完了です。今後は、連携済の他サービスIDを利用してのログインが可能となります。■他サービスIDでログインされているお客様メールアドレスとパスワードでのログイン方法は以下の通りです。1）下記URLにアクセスします。● パソコンをお使いの方はこちら● スマートフォンをお使いの方はこちら2）パスワードを入力していただき、「登録する」ボタンをクリックタップし、お手続き完了となります。今後は、メールアドレスと設定したパスワードでもログインが可能となります。
https://zozo.jp/_help/default.html?id=5ece3e85d47784001e0e4223,他サービスIDの連携解除方法他サービスIDの連携解除をご希望の場合は、登録情報「ID連携ID連携」からお手続きをお願いいたします。解除の手順は以下のとおりです。1）ログインします。トップページのメニュー内からログインします。2）トップページ右上のログインボタンより「登録情報」をクリックします。メニュー内のアカウント名から「登録情報」をタップします。3）「ID連携ID連携」をクリックタップします。4）「解除」ボタンをクリックタップします。5）「OK」をクリックタップします。
https://zozo.jp/_help/default.html?id=635f7639ef298e001de9d5ea,一部ショップにおける個人情報・購入履歴の共有メンバーシッププログラムのサービスがある一部のショップに対して、ZOZOTOWNの会員登録情報や購入履歴を共有することが可能です。共有することで、以下のような特典が受けられます。手続き方法はヘルプページ「個人情報・購入履歴を対象ショップに共有する方法」をご確認ください。【特典例】  ショップ公式サイトの購入履歴にZOZOTOWNの同ショップで購入した履歴が反映される ショップ公式サイトおよび店頭における会員特典が利用できる　など【連携可能条件】  会員の場合：ご利用のアカウントにおいて、対象ショップでの購入履歴がある場合のみ、共有の手続きが可能となります。 会員登録をしていない場合：ZOZOTOWN内の対象ショップで購入した直後に会員登録し、ログインすることで共有の手続きが可能となります。【注意事項】  ZOZOTOWNの会員登録情報と対象ショップの個人情報が一致しない場合、購入履歴などのデータが正常に反映されないことがございます。 ショップ公式サイトや店頭での登録情報がない場合でも、個人情報・購入履歴の共有をすることで、お客様の情報がショップ側に提供されます。 登録情報等の確認のため、ZOZOTOWNの会員登録メールアドレス宛てに、対象ショップからご連絡をすることがございます。 各ショップのアカウントに対し、共有できる会員登録情報は一つまでです。 共有の手続きをした後、データが反映されるまでにかかる時間が異なります。詳細は対象ショップへ直接お問い合わせください。【対象ショップ】 ＜ショップ＞DIOR（パルファン・クリスチャン・ディオール・ジャポン㈱）＜問い合わせ先＞ディオールカスタマーサービス（TEL：03-3239-0618）＜受付時間>月～金：午前9時～午後7時土・日：午前10時～午後5時　※祝日・年末年始を除く
https://zozo.jp/_help/default.html?id=635f81d91e23fb0023205081,個人情報・購入履歴を対象ショップに共有する方法メンバーシッププログラムのサービスがある一部のショップに対して、ZOZOTOWNの会員登録情報や購入履歴を共有する手続きは下記のとおりです。1）ZOZOTOWNに「ログイン」をします。2）メニュー内のID名から「登録情報」をタップクリックします。3）「個人情報・購入履歴の共有」をタップクリックします。4）個人情報・購入履歴を共有したいショップの共有ボタンをタップクリックします。5）「個人情報の第三者提供について」の内容や規約、共有される情報の詳細をご確認のうえ、問題がなければ「同意する」にチェックを入れてください。6）「同意する」にチェックが入っていることを確認のうえ「個人情報・購入履歴を共有する」をタップクリックしてください。※対象ショップの商品を注文したあとに表示される「ARIGATO！」の画面からも、同様にお手続きが可能です。
https://zozo.jp/_help/default.html?id=5ece39d49ed84e001ea6e37c,ZOZOCARDとは年会費無料で発行でき、ZOZOTOWNでのご利用はもちろん、いつものお買い物でもZOZOポイントが貯まるクレジットカードです。お申し込みをご希望の際は、以下手順にてお手続きください。1） こちら よりお申し込みください。申込みの手続きが完了し次第、ZOZOTOWNアカウントにZOZOCARDが登録され、すぐにご利用いただけます。※お手元にカードが届くまでの間（即時利用期間）についての注意事項は、ヘルプページ「ZOZOCARDの即時利用期間」をご確認ください。2）審査結果は、メールまたは書面等でご連絡いたします。3）2週間前後でカードをお届けします。※カード到着後、「会員専用ネットサービス」にて口座登録をお願いいたします。引落とし口座の登録用紙にご記入・ご捺印のうえ、投函していただくことも可能です。4）以上の手順が完了し次第、ご入会完了となります。
https://zozo.jp/_help/default.html?id=5ece39d49ed84e001ea6e37f,ZOZOCARDの即時利用期間お手元にカードが届くまでの間（即時利用期間）も、ZOZOTOWN内であればZOZOCARDのご利用が可能です。ご利用の際は、注文内容の確認画面にて支払方法「ZOZOCARD」をご選択ください。【ZOZOCARDの即時利用に関する注意事項】※ZOZOCARDの即時利用には以下のとおり制限がございます。なお、カードがお手元に到着した後は、一週間程度で制限が解除されます。・ご利用可能金額は、合計10万円（クーポン・ポイント・特別値引きなどの値引き分は除く）までとなります。・リボ払い・回数払い・キャッシング・その他付帯サービスはご利用いただけません。※以下に該当する場合は、ZOZOCARDの即時利用ができません。・ショップ直送商品、福袋（福箱）をご注文の場合・配送日時を指定されているご注文の場合・即日配送サービスをご利用の場合・店頭ロッカー受取りサービスをご利用の場合・ギフトラッピングサービスをご利用の場合・買い替え割サービスをご利用の場合・PayPay決済を併用してお支払いの場合※ZOZOCARDを即時利用された注文は、発送手配に入る前の状態でも配送先の変更ができません。配送先の変更をご希望の場合は、発送手続き完了後に配送会社にお問い合わせのうえ、荷物の転送をご検討ください。※ZOZOCARDを即時利用された注文は、カードの審査が完了した後に順次発送手続きをおこないます。※審査中に注文をキャンセルした場合でも、ZOZOCARDのお申込みは取り消されません。※審査の結果、お申込みの意に添えない場合、ZOZOCARDを即時利用された注文は自動で取消しとなります。なお、その際、有効期限を超過したポイントや割引価格、キャンペーンの再適用はいたしかねますので、ご了承ください。
https://zozo.jp/_help/default.html?id=5ece39d49ed84e001ea6e380,ZOZOCARD利用時のZOZOポイントZOZOTOWNでZOZOポイント還元対象商品を購入する際、ZOZOCARDでお支払いいただくと、商品代金（税抜）の5%がZOZOポイントにて還元されます。また、ZOZOTOWN以外でのご利用の場合、ご利用金額の1%がZOZOポイントとして還元されます。 ご利用還元率付与のタイミング有効期限ZOZOTOWN5%商品の配達完了後15日程度付与日より90日ZOZOTOWN以外1%ご利用日翌月の5日最後にポイントを取得した月から1年後の当月末日まで※獲得したZOZOポイントの有効期限は、 こちらこちら をご確認ください。※PayPayご利用分はポイントの還元対象外です。※ZOZOポイント還元対象外の商品・PayPayご利用分はポイントが還元されません。※ZOZOTOWN Yahoo!店は「ZOZOTOWN以外」でのご利用扱いとなります。【ポイントの利用】ZOZOポイントは1ポイント＝1円として、ZOZOTOWNでの購入の際にご利用いただけます。
https://zozo.jp/_help/default.html?id=5ece39d49ed84e001ea6e3a0,"買い替え割とは以前ZOZOTOWNで購入したアイテムを下取りして、注文時に割引価格で購入できるサービスです。下取りアイテムにダメージ（汚れ・破損など）がある場合も、確認させていただきますので一度お送りください。その他詳細は、買い替え割のサービス紹介ページをご確認ください。※買い替え割の下取りアイテムの一覧に表示されていないアイテムや、付属品（ショルダーストラップ・ベルト等）が不足しているアイテムはご利用できません。※買い替え割をお申し込みいただいた後に、アイテムの変更はできません。下取り対象アイテムは、ZOZOTOWNで購入し、ZOZOTOWNが定める基準を満たしたアイテムです。下記項目に当てはまるアイテムは、下取りアイテム対象外となり、下取りアイテムの一覧に表示されません。 購入から一定期間経過したアイテム 配達完了から7日以内のアイテム ギフトラッピングサービスを利用して注文したアイテム その他、ZOZOTOWNが定める基準に満たないアイテムまた、下記項目に当てはまる場合は、買い替え割サービスをご利用できません。 過去に配達完了した注文がない場合 会員登録（ログイン）していない場合 ギフトラッピングサービスを利用している場合 一回のご利用で下取り合計金額が1,000円未満の場合 一部予約商品 一部取寄せ商品 ショップ直送商品 買い替え割対象外ショップの商品"
https://zozo.jp/_help/default.html?id=5ece39d49ed84e001ea6e3a1,買い替え割の流れ1）送付用バッグが自宅に届く注文商品と一緒に､送付用バッグが届きます。2）下取りアイテムを送付用バッグに入れる下取りアイテムを送付用バッグに入れてください。なお、下取りアイテム以外に買取希望のお品がある場合は、一緒に送付用バッグに入れてお送りください。弊社にて査定のうえ買取いたします。買取サービスに関する詳細は、ヘルプページ「買取査定サービス」「買取の流れ」をご確認ください。※下取りアイテムは「お取引管理お取引管理」より確認できます。なお、アイテムの変更はできません。※付属品（ショルダーストラップ・ベルト等）が不足していると買い替え割は利用できません。※送付用バッグに下取りアイテムが入らない場合は、お手持ちのダンボールや紙袋での発送も可能です。※受付窓口が異なるため、返品商品と下取りアイテムをまとめてお送りいただくことはできません。万が一同梱されていた場合、買取希望のお品として査定が進みますのでご注意ください。※アクセサリー類はビニール袋等に包んでから送付用バッグにお入れください。なお、ご使用のビニール袋等はご返却いたしませんのでご注意ください。※送付用バッグと同梱している結束バンドについては、ヘルプページ「結束バンドの使用方法」をご確認ください。3）集荷を申し込む下取りアイテムの送付準備が整い次第、会員登録メールアドレス宛てに配信されている「【買い替え割】送付用バッグを発送しました」のメールより、集荷の申込みをしてください。ご指定の日時にヤマト運輸の担当者が集荷に伺います。※送付用の伝票はヤマト運輸の担当者が集荷時にお持ちします。送料は無料となりますのでご安心ください。※集荷申込みの際は、買い替え割申込み時と同じアカウントでログインのうえ、お手続きください。※集荷日時・送付する荷物の個口数・送付資材の変更は「お取引管理お取引管理」よりお手続きください。※集荷日時の変更は、集荷日前日の20時まで受付可能です。また、変更できる回数は2回までとなります。※集荷のキャンセルは、集荷日前日の17時まで受付可能です。「お問い合わせフォーム」よりご連絡ください。4）下取りアイテムを発送する集荷に伺ったヤマト運輸の担当者に下取りアイテム・買取希望のお品が入った送付用バッグをお渡しください。※受付窓口が異なるため、返品商品と下取りアイテムをまとめてお送りいただくことはできません。万が一同梱されていた場合、買取希望のお品として査定が進みますのでご注意ください。※下取りアイテムの発送後に入れ違いで「アイテム発送のお願い」のメールが配信される可能性がございます。予めご了承ください。※指定の集荷日時に下取りアイテムのお渡しができず、再度集荷を希望される場合は「集荷依頼ページ」よりお申し込みください。5) お取引完了会員登録メールアドレス宛てに「【買い替え割】お取引完了のお知らせ」のメールが届きましたら、お取引完了です。※買い替え割をお申し込みの時点で、注文代金より下取りアイテム分の値引きをおこなっておりますので、査定や査定金額の振込みはありません。※万が一、お取引管理に下取りアイテムの査定金額が表示された場合は、弊社での手続きに誤りがある可能性がございますため、お手数ですが「お問い合わせフォーム」より対象アイテムをご選択のうえご連絡ください。
https://zozo.jp/_help/default.html?id=649bf5f4581829001c12f2e6,結束バンドの使用方法送付用バッグと同梱にて結束バンドもお届けしております。お品物が配送中に紛失しないよう、画像を参考にファスナーを固定するようにお止めください。万が一結束バンドが同梱されていなかった場合、ご用意可能な紐などでファスナーが開かないように固定していただくか、ダンボールや袋などで封が開かないよう梱包のうえ、配送会社へお渡しください。
https://zozo.jp/_help/default.html?id=5ece39d49ed84e001ea6e3a3,"いつでも買い替え割とはZOZOTOWNで購入したアイテムを、お好きな時にいつでもZOZOポイントに交換できるサービスです。ポイント交換したアイテムにダメージ（汚れ・破損など）がある場合も、確認させていただきますので一度お送りください。その他詳細は、「サービス紹介ページ」をご確認ください。※いつでも買い替え割の「アイテムリストページ」に表示されていないアイテムや、付属品（ショルダーストラップ・ベルト等）が不足しているアイテムはポイントに交換できません。※いつでも買い替え割をお申し込みいただいた後に、アイテムの変更はできません。ポイント交換できるアイテムは、ZOZOTOWNで購入し、ZOZOTOWNが定める基準を満たしたアイテムです。下記項目に当てはまるアイテムは、ポイント交換アイテム対象外となり、「アイテムリストページ」に表示されません。 購入から一定期間経過したアイテム 配達完了から7日以内のアイテム ギフトラッピングサービスを利用して注文したアイテム その他、ZOZOTOWNが定める基準に満たないアイテムまた、下記項目に当てはまる場合は、いつでも買い替え割サービスをご利用できません。 一回のご利用で交換するポイントの合計が1,000pt未満の場合"
https://zozo.jp/_help/default.html?id=5ece3e85d47784001e0e4225,いつでも買い替え割の流れ1）集荷を申し込むポイントに交換するアイテムを選択し、集荷の申込みをしてください。ご指定の日時にヤマト運輸の担当者が集荷に伺います。※送付用の伝票はヤマト運輸の担当者が集荷時にお持ちします。送料は無料となりますのでご安心ください。※集荷日時・送付する荷物の個口数変更は「お取引管理お取引管理」よりお手続きください。※集荷日時の変更は、集荷日前日の20時まで受付可能です。また、変更できる回数は2回までとなります。※集荷のキャンセルは、集荷日前日の17時まで受付可能です。「お問い合わせフォーム」よりご連絡ください。2)　送付用バッグが自宅に届く送付用バッグがポスト投函にて届きます。3）ポイント交換アイテムをバッグに入れるポイント交換アイテムをバッグに入れてください。お申し込み後に配信されている「【いつでも買い替え割】お申し込み完了のお知らせ」のメールもしくは「お取引管理お取引管理」よりポイント交換アイテムを確認してください。※付属品（ショルダーストラップ・ベルト等）が不足していると買い替え割は利用できません。※送付用バッグにアイテムが入らない場合は、お手持ちのダンボールや紙袋での発送も可能です。※受付窓口が異なるため、返品商品とポイント交換アイテムをまとめてお送りいただくことはできません。万が一同梱されていた場合、買取希望のお品として査定が進みますのでご注意ください。※アクセサリー類はビニール袋等に包んでから送付用バッグにお入れください。※集荷日時・送付する荷物の個口数の変更は「お取引管理お取引管理」よりお手続きください。4）ポイント交換アイテムを発送引き取りに伺ったヤマト運輸へポイント交換アイテムをお渡しください。※発送後に行き違いで催促のメールが配信される可能性がございます。※弊社へポイント交換アイテムが到着してから1週間程で、お取引管理の表示が切り替わります。5) 　お取引完了「【いつでも買い替え割】お取引完了のお知らせ」のメールが配信されたら、手続き完了です。※「買取サービス」とは異なり、査定がないため査定金額が振り込まれることはありません。
https://zozo.jp/_help/default.html?id=5ece39d49ed84e001ea6e3a2,買い替え割・いつでも買い替え割のキャンセル買い替え割・いつでも買い替え割のキャンセルをご希望の場合、「買い替え割・いつでも買い替え割のキャンセル」よりお手続きが可能です。※注文商品を返品した場合でも買い替え割はキャンセルされません。キャンセルをご希望の際は必ずお手続きをお願いいたします。なお、キャンセルの流れおよび詳細は下記内容をご確認ください。（1）「買い替え割・いつでも買い替え割のキャンセル」にアクセスし、注意事項を確認のうえ「キャンセルするアイテムを選択」をクリックタップする。（2）キャンセルするアイテム、キャンセルする理由、お支払い方法を選択し「キャンセル内容の確認」をクリックタップする。※クレジットカードの場合は一括払いとなります。※コンビニ支払いの場合、支払手数料は弊社で負担いたします。※買い替え割・いつでも買い替え割は同時にキャンセルできません。（3）内容に誤りがないかをご確認のうえ、「確定する」をクリックタップする。（4）クレジットカードをご利用の場合、手続き完了と同時に決済が確定いたします。また、コンビニ支払いをご利用の場合、お支払いに必要な情報をメールアドレスでお送りいたします。そちらをご確認のうえ、ご指定いただいたコンビニにてお支払いください。※コンビニ支払い時に必要な情報は「お取引管理」からもご確認いただけます。（5）弊社にてお支払いの確認が取れ次第、買い替え割・いつでも買い替え割ご利用時のメールアドレスにキャンセル手続きが完了した旨をご連絡いたします。【注意事項】・入金確認にお時間をいただくため、入れ違いで「ご入金未完了のお知らせ」のメールが届く可能性がございます。・ZOZOTOWNに登録されているクレジットカードでのお支払いを希望された場合、ご登録日が最新のカードにて請求いたします。・未到着の買い替え割・いつでも買い替え割のアイテムが20点以上ある場合は、一部表示されない可能性があります。その際は「お問い合わせフォーム」よりご連絡ください。
https://zozo.jp/_help/default.html?id=5ece39d49ed84e001ea6e3a4,買取査定サービス買い替え割・いつでも買い替え割をご利用の際、送付用バッグに買取希望のお品も一緒に入れてお送りいただければ、弊社にて査定のうえ買取いたします。ZOZOTOWNで購入していないアイテムを含め、帽子・洋服・アクセサリー・バッグ・靴など、あらゆるファッションアイテムを買取しておりますが、買取できないブランド・アイテムもございます。詳細は「買取アイテムについて」をご確認ください。※買取査定のみのご利用は受け付けておりません。【注意事項】・買取希望のお品の送付や返却にかかる送料は弊社で負担いたします。・お取引が完了するまでの間、ZOZOTOWNからの退会はお控えください。万が一退会した場合は、お手数ですが「お問い合わせフォーム」よりご連絡ください。
https://zozo.jp/_help/default.html?id=5ece39d49ed84e001ea6e3a5,買取のご利用に必要なもの買い替え割・いつでも買い替え割アイテム以外の買取成立金額が1万円以上の場合、古物営業法第15条により、本人確認書類の登録が必要となります。以下のなかから一つお選びいただき、画像データを本人確認書類としてご登録ください。※本人確認書類に記載の氏名・住所が、集荷先の情報と一致している必要がございます。必ず相違がないことをご確認ください。・健康保険証・運転免許証・パスポート・ マイナンバーカード（顔写真付きのみ）・障碍者手帳・敬老手帳・住民基本台帳カード・印鑑登録証明書（取得3ヶ月以内のみ）・住民票の写し（取得3ヶ月以内のみ）・戸籍謄本、抄本（取得3ヶ月以内のみ）なお、登録方法の詳細は、ヘルプページ「本人確認書類の登録方法」をご確認ください。
https://zozo.jp/_help/default.html?id=625d0139539b3e00223ee819,本人確認書類の登録方法1）ログインのうえ「お取引管理」ページにアクセスする。2）買取成立金額が1万円以上の場合は「本人確認書類登録」の項目が表示されているため、指定の枠内に本人確認書類の画像をドラッグする。「画像をアップロードする」を押し、本人確認書類の画像を添付する。※本人確認書類に記載の住所と集荷先住所が異なる場合は、集荷先住所と同じ住所が記載されている、発行より3ヶ月以内の「公共料金の領収書（ガス・電気・水道いずれか）」を、補助書類としてご登録ください。なお、領収書の名義は不問です。
https://zozo.jp/_help/default.html?id=625d0df201c3ed001d02f135,本人確認書類登録時の注意事項買取査定サービスにおいて、「健康保険証」を本人確認書類として登録する場合は、裏面に住所を手書きしたものをご用意ください。また、以下のとおり、必ず指定箇所を隠した状態で画像のアップロードをお願いいたします。＜指定箇所＞・保険者番号・記号、番号・枝番（記載されている場合のみ）・QRコード（記載されている場合のみ）※紙や付箋の利用、画像データの黒塗り・モザイク加工などで、指定箇所が見えなくなるようにしてください。※規定のとおりアップロードができていない場合は、再度アップロードを依頼いたしますので、ご注意ください。
https://zozo.jp/_help/default.html?id=5ece39d49ed84e001ea6e3a7,買取の流れ1）送付用バッグが自宅に届く買い替え割サービスをお申し込みいただいた場合は、注文商品と一緒に送付用バッグをお届けします。また、いつでも買い替え割サービスをお申し込みいただいた場合は、後日、ポスト投函にて送付用バッグをお届けします。2）買取希望のお品を送付用バッグに入れる送付用バッグに買取希望のお品も一緒に入れ、買い替え割またはいつでも買い替え割の手順にそって送付してください。・買い替え割のご利用の流れはこちら・いつでも買い替え割のご利用の流れはこちら3）査定結果が届く「【ZOZO買取サービス】査定完了のお知らせ」のメールと「お取引管理お取引管理」で査定結果をご連絡します。「お取引管理」のページにて「売る」か「返却」かを選択してください。なお、「売る」を選択した場合、現金の振込みまたはZOZOポイントの付与にて代金をお支払いいたします。※買取のキャンセルをご希望の場合は、「買い替え割・いつでも買い替え割のキャンセル」より詳細をご確認ください。4）お取引成立成立金額のお支払いは最短当日となります。また、「返却」を希望されたお品は、後日集荷時の住所に返却いたしますので、到着までしばらくお待ちください。
https://zozo.jp/_help/default.html?id=5ece39d49ed84e001ea6e3ac,メールが届かない場合メールマガジン、認証コード、注文確定などZOZOTOWNからのメールが届かない場合には、下記内容をご確認のうえ、設定の見直しをお願いいたします。■会員登録メールアドレスに誤りがあるご登録のメールアドレスに誤りがある可能性がございます。一度「メールアドレス・パスワード」でログイン後、「登録情報ページ」にアクセスし、受信可能なメールアドレスかご確認ください。（LINE、Yahoo! JAPAN ID、Appleをご利用の方も同様の方法をお試しください）■Apple社のアドレスをご利用の場合＜対象ドメイン＞ @icloud.com @mac.com @me.com【1】iCloudの容量オーバーによりメールの受信ができない容量の上限を引き上げるなどの対応をお願いいたします。【2】迷惑メールとして認識されている下記手順に沿って対応することで「受信ボックス」に振り分けられるようになります。1）iCloudのメールボックスから「迷惑メール」を開き、画面右上の「編集」を押す2）ZOZOTOWNから届いているメールを選択し、画面下にある「移動」を押す3）「○件のメッセージを移動...」を押す4）「受信」を押してメールを移動させる■メールの受信が許可されていないご利用の端末やメーラーの設定によりメールが届かない状態になっている可能性がございます。お手数ですが、ドメイン指定受信の設定において「@zozo.jp」「@contact.zozo.jp」からのメールの受信を許可してください。各方法ご対応いただいても解決しない場合、詳細を確認いたしますので「問い合わせフォーム」よりお問い合わせください。
https://zozo.jp/_help/default.html?id=5ece39d49ed84e001ea6e3a8,メールマガジンの種類ZOZOTOWNでは、「mag@zozo.jp」もしくは「mag@no-reply.zozo.jp」のメールアドレスより、以下2種類のメールマガジンを配信しております。※メールマガジンは、会員登録がお済みでない方もお申し込みいただけます。【ZOZOメールマガジン】ZOZOTOWNで開催するセール情報、シークレットセールへのご招待、限定アイテムの発売情報など、最新情報を配信いたします。【ブランド別新着メール】登録したブランドの新品・古着商品の新入荷情報を配信いたします。
https://zozo.jp/_help/default.html?id=5ece39d49ed84e001ea6e3a9,メールマガジンの購読方法メールマガジンの配信のお申込み手順は以下のとおりです。【会員登録をされている場合】1）ログインします。トップページのメニュー内からログインします。2）トップページ右上のログインボタンより「メールマガジン」をクリックします。メニュー内のID名から「登録情報」をクリックします。3）登録情報内の「メールマガジンの設定」をクリックします。4）「確認・変更する」をクリックします。3）5）ページ下方の「購読内容を変更する」をクリックします。4）6）配信をご希望のメールマガジン、お気に入りブランドを選択し、「確定する」をクリックします。各メールマガジンの内容は、ヘルプページ「メールマガジンの種類」からご確認ください。※お気に入りブランドを選択していない場合、新着メールは配信されません。5）7）「メールマガジンの購読内容が変更されました。」と表示され、お手続き完了です。6）ZOZOTOWN＜member@contact.zozo.jp＞より「メールマガジン配信についてのお知らせ」メールを配信いたします。【会員登録をされていない場合】1）「メールマガジンの購読画面メルマガお申し込み・変更・追加」にアクセスします。2）「メールマガジンを申し込むメールマガジンのお申し込み」をクリックします。3）メールアドレスを入力し、「送信申し込む」をクリックします。※ブランド別新着メールのお申し込みには、ブランドの登録が必要です。※配信希望ブランドを選択していない場合、新着メールは配信されません。4）「お申し込みが完了しましたお申し込み完了」と表示され、お手続き完了です。5）ZOZOTOWN＜member@contact.zozo.jp＞より「メールマガジン配信についてのお知らせ」メールを配信いたします。
https://zozo.jp/_help/default.html?id=5ece39d49ed84e001ea6e3aa,メールマガジンの配信先を追加するメールマガジンの配信先の追加は、以下の手順でお手続きください。1）ログインします。　2）トップページ右上のログインボタンより「 メールマガジン 」をクリックします。　3）下方にある「サブメールアドレスの登録」の欄で、配信を希望するメールマガジンにチェックを入れます。各メールマガジンの内容は、ヘルプページ「 メールマガジンの種類 」からご確認ください。　4）メールアドレスを入力し、内容を確認のうえ「送信」をクリックして手続き完了です。1）トップページのメニュー内からログインします。　2）メニュー内のID名から「登録情報」をタップします。　3）登録情報内の「メールマガジンの設定」をタップ。　4）ページ下方の「サブメールアドレスを追加する」をタップします。　5）配信を希望するメールマガジンにチェックを入れ、メールアドレスを入力します。「登録する」をタップし、手続き完了です。
https://zozo.jp/_help/default.html?id=5ece39d49ed84e001ea6e3ab,メールマガジンの配信を停止するメールマガジンの配信停止をご希望される場合は、以下の手順でお手続きください。【会員登録をされている場合】1）ログインします。2）トップページ右上のログインボタンより「 メールマガジン 」をクリックします。3）「購読内容を変更する」をクリックします。4）各メールマガジンのチェックをはずし、「確定する」をクリックします。5）「メールマガジンの購読内容が変更されました。」と画面に表示され、お手続き完了です。6）ZOZOTOWN＜member@contact.zozo.jp＞より「メールマガジン配信についてのお知らせ」メールを配信いたします。1）トップページのメニュー内からログインします。2）メニュー内のID名から「登録情報」をタップします。3）登録情報内の「メールマガジンの設定」をタップします。4）「確認・変更する」をタップします。5）ページ下方の「購読内容を変更する」をタップします。6）配信停止したいメールマガジンのチェックをはずし、「確定する」をタップします。7）「メールマガジンの購読内容が変更されました。」と表示され、お手続き完了です。【会員登録をされていない場合】1）配信されるメールマガジン内の「メールマガジンのサービス変更・解除はこちら」をクリックタップします。＜HTML形式のメールの場合＞＜テキスト形式のメールの場合＞＜HTML形式のメールの場合＞＜テキスト形式のメールの場合＞2）ページ下方の「購読内容を変更する」をクリックタップします。3）配信停止したいメールマガジンのチェックをはずし、「確定する」をクリックします。「確定する」をクリックし、お手続き完了です。4）「メールマガジンの購読内容が変更されました。」と画面に表示され、お手続き完了です。5）ZOZOTOWN＜member@contact.zozo.jp＞より「メールマガジン配信についてのお知らせ」メールを配信いたします。
https://zozo.jp/_help/default.html?id=5ece39d49ed84e001ea6e3ae,再販売お知らせメールのお申込み方法ご希望の商品の在庫がない場合に「再販売お知らせ」をお申し込みいただくと、商品が再販売した際すぐにお客様にメールでお知らせいたします。※商品によっては、お申し込みの受付をおこなっていない場合がございます。※再販売お知らせメールは、再販売・ご購入をお約束するものではありません。※人気商品は再販売後すぐに完売する場合があります。※同じアドレスからのお申込みは一度限りとなります。※一度の入荷につき、お知らせメールは1回の配信となります。その後も再販売お知らせメールの配信を希望される場合は、再度お申込みをお願いします。再販売お知らせのお申込み手順は以下のとおりです。1）ご希望の商品のサイズ・カラーを選択して「再販売お知らせ」ボタンをクリックします。※在庫がある商品は「再販売お知らせ」ボタンは表示されません。2）メールアドレスを入力し、「登録再販売お知らせメールを申し込む」ボタンをクリックします。※同時にショップの「新着メルマガ」にお申し込みいただけます。メールマガジンの配信を希望されない場合には、「ショップの新着アイテムをお知らせする『新着メルマガ』も申し込む」のチェックを外し、「登録」ボタンをクリックしてください。3）「再販売メールを受け付けました」と表示が切り替わり、お申し込み完了となります。3）「お申し込みが完了しました」と表示され、お申込み完了です。※エラー画面になった場合は、お手数ですが再度初めからお手続きください。4）お申し込み完了後、ご入力されたメールアドレスにZOZOTOWN＜goods@contact.zozo.jp＞より「再販売お知らせメールお申し込み受付完了」メールを配信いたします。【商品が再販売されたら】商品が再販売しましたら、入力されたメールアドレスにZOZOTOWN＜goods@contact.zozo.jp＞より「商品再販売のお知らせ」メールを配信いたします。ご購入を希望される場合は、メールに記載のURLをクリックし、ご購入手続きにお進みください。
https://zozo.jp/_help/default.html?id=63622330070ec5001dcd6f16,niaulab by ZOZOとは「niaulab（似合うラボ） by ZOZO」とは、ZOZO独自のAIとプロのスタイリストとでお客様の「似合う」を一緒に見つける、超パーソナルなスタイリングを体験できる施設です。サービスの概要および詳細は、特設ページにてご確認ください。
https://zozo.jp/_help/default.html?id=5ece39d49ed84e001ea6e3ad,ZOZOTOWNの「なりすまし」「偽アカウント」にご注意ください昨今、ZOZOTOWNを装った「なりすましメール」「なりすましアカウント（各種SNS）」「偽サイト（フィッシングサイト）」の存在が複数確認できております。不審なメールおよびサイトを見つけた場合は、くれぐれもご注意いただき、メールは迷惑メールとして設定する、削除するなどのご対応をお願いいたします。なお、メール内のURLにアクセスすると、お客様の個人情報やカード情報を取得しようとする、ZOZOTOWNに酷似した悪質な偽サイト（フィッシングサイト）に遷移することが確認できております。万が一、偽サイト（フィッシングサイト）にアクセスしてしまった場合でも、絶対に個人情報やクレジットカード番号の登録はしないようお願いいたします。また、被害に遭われた際は警察までご相談ください。【なりすましメールの特徴】以下のとおり、ZOZOTOWNからのお知らせメールのように見受けられる場合がございますので、ご注意ください。・件名「【重要なお知らせ】ZOZO ご利用確認のお願い」「【●月●日】●●●の注目シューズが入荷しました。」など・配信元メールアドレス「zozo-japan02@znpyei.shop」「zozo-japan@ypzitp.shop」「zozo-shoping@znpyei.shop」「zozo-shoping@zgkjpa.shop」など※そのほか、送信元を偽装し、ZOZOTOWNの公式メールアドレスと全く同じものが使用されている場合もございますので、ご注意ください。・メール本文カードの停止に関するお知らせや、カード・個人情報の登録依頼など※あわせて、偽サイト（フィッシングサイト）のリンクが記載されています。【各種SNSにおけるなりすましアカウントの特徴】各種SNSにおいて、ZOZOTOWN公式SNSアカウントのアイコンを利用し、アカウント名も似寄りのものになっています。ダイレクトメッセージ機能など利用して、キャンペーン当選に伴う個人情報の登録依頼の内容とともに偽サイト（フィッシングサイト）のリンクが記載されています。【偽サイト（フィッシングサイト）の特徴】リンク先のURLが、正規のZOZOTOWNサイト「https://zozo.jp/sp/（スマートフォン）」「https://zozo.jp/（PC）」とは異なるものとなっています。
https://zozo.jp/_help/default.html?id=5ece39d49ed84e001ea6e398,個人情報保護方針とは当サイトでは、お客様に安心・安全にご利用いただけるよう、個人情報を保護する「個人情報保護方針」を定め、お客様からお預かりした個人情報を厳重に取り扱っております。 個人情報保護方針を見る個人情報保護方針を見る
https://zozo.jp/_help/default.html?id=5ece3e85d47784001e0e4222,SSL通信とは当サイトでは、お客様により安心・安全にご利用いただけるよう、クレジットカード情報の入力時や会員登録などの際には、個人情報保護やセキュリティ対策のため「SSL（Secure Sockets Layer）」と呼ばれる秘匿性の高い暗号通信技術を使用しています。お客様が情報を送信する際に、SSL対応ページでは、ブラウザの下隅に「カギ」のマークが表示されております。
https://zozo.jp/_help/default.html?id=5ece39d49ed84e001ea6e3b0,推奨のインターネット環境当サイトを快適にご覧いただくため、下記ブラウザをおすすめしております。【パソコン用サイト】Windowsをご利用の方・Google Chrome 最新版・Mozilla Firefox 最新版・Microsoft Edge 最新版Macをご利用の方・Google Chrome 最新版・Mozilla Firefox 最新版・Safari 最新版【スマートフォン用サイト】iPhoneをご利用の方OS：・iOS 14 以降ブラウザ：・Safari・Google ChromeAndroidをご利用の方OS：・Android 8 以降ブラウザ：・Google Chrome※本サイトではJavaScriptを使用しています。ご利用の際はブラウザ設定でJavaScriptを有効にしてください。※上記以外のブラウザをご使用の場合、正しく動作しない場合がございます。【スマートフォン用アプリ】iPhoneをご利用の方「App store」にアクセスし、ダウンロード可否をご確認ください。Androidをご利用の方「Google Play」にアクセスし、ダウンロード可否をご確認ください。※日本国外向けならびにタブレット端末では、ZOZOTOWNアプリをご利用いただけません。
https://zozo.jp/_help/default.html?id=5ece39d49ed84e001ea6e3b1,Cookieを有効にするCookieを有効にすることで、お客様が当社サイトのどの部分を閲覧されたか、お客様の動向を把握することができます。これにより得られたデータを使用し、お客様にとってより使いやすいサイトとなるよう、改善に努めております。また、当社のサイトでは「Cookie（クッキー）」の機能をショッピングカートや他サービスIDでのログインにおいて使用しております。当サイトをご利用いただくにあたり、お客様のブラウザで「クッキーの設定」を有効にしていただく必要がございます。下記をご参考に設定をご確認ください。スマートフォンでご利用の場合【iPhoneの場合】○Safariの場合1）ホーム画面から「設定」→「Safari」を選択します。2）「Cookieをブロック」を選択し、「常に許可」「訪問した Web サイトを許可」「アクセス中の Web サイトのみ許可」のいずれかを選択します。iOS7 以前では、「知らないサイトや広告のみ」「しない」のいずれかを選択します。○Google Chromeの場合1）Chrome のメニューアイコンを選択します。2）「設定」→「コンテンツの設定」 を選択します。3）「Cookieを許可」をオンにします。【Androidの場合】○Android2.xの場合1）「ブラウザ」を起動し、メニューボタンを選択します。）「その他」→「設定」を選択します。3）「Cookieを受け入れる」のチェックボックスにチェックをいれます。※バージョン・機種により操作方法が異なる場合があります。○Android4.x 標準ブラウザの場合1）ブラウザを起動し、メニューを選択します。2）「設定」を選択します。3）「Cookieを受け入れる」のチェックボックスにチェックをいれます。(機種により「Cookie許可」と表示される場合があります)※バージョン・機種により操作方法が異なる場合があります。○Android4.x Chromeの場合1）Chromeを起動し、メニューを選択します。2）「設定」→「サイトの設定」を選択します。3）「Cookie」を選択4）「サイトにCookieデータの保存と読み取りを許可する」を有効にし、「サードパーティのCookieを許可」にチェックを入れます。※バージョン・機種により操作方法が異なる場合があります。パソコンでご利用の場合【Windowsの場合】○Internet Explorer の場合1）「ツール」メニューから「インターネットオプション」を選択します。2）「プライバシー」タブをクリックします。3）「詳細設定」ボタン横の「既定」項目を選択します。4）インターネットゾーンの設定を中に選択します。5）「インポート」ボタン横の「詳細設定」項目を選択します。6）「自動Cookie処理を上書きする」のチェックボタンにチェックをいれます。「ファーストパーティーのCookie」 「受け入れる」、「サードパーティーのCookie」 「受け入れる」を選択します。【Macintoshの場合】○Safariの場合1）「メニュー」→から「環境設定」をクリックします。2）「プライバシー」タブを選択し、「Cookieをブロック」を「しない」を選択します。
https://zozo.jp/_help/default.html?id=5ece3e85d47784001e0e4229,プログラムエラーが発生した場合ご購入手続きの際などで「プログラムエラーが発生しました」というエラーが表示される場合があります。この場合お手数ですが、再度最初からのご購入手続きをお願いいたします。ショッピングカート内に確保していただいた商品が削除されてしまっている場合もございますので、あらかじめご了承ください。このようなエラーが発生した場合は、お手数ですが、その時の状況をカスタマーサポートセンターお問い合わせ「その他の問い合わせその他の問い合わせ」までお知らせください。
https://zozo.jp/_help/default.html?id=6209bd498f54ba001de993a3,特定商取引法に基づく表示■販売事業者の名称株式会社ZOZO■代表者代表取締役社長兼CEO　澤田宏太郎■販売事業者の住所〒263-0023千葉県千葉市稲毛区緑町1-15-16※返品交換の受付窓口とは異なりますのでご注意ください。■販売事業者の連絡先ヘルプページ「ZOZOTOWNの問い合わせ窓口」をご確認ください。※電話での対応を希望される方はメールまたはチャットにてお知らせください。■商品の販売価格商品ごとに表示■商品代金以外の必要金額・支払い手数料（代金引換・コンビニ決済・GMO後払い・ツケ払い）・送料・即日配送手数料※詳しくは、ヘルプページ「送料・各種手数料」をご覧ください。■支払方法・支払い期限【代金引換】商品お受け取り時に配達業者にお支払いいただきます。【クレジットカード】クレジットカードの締め日や契約内容により異なります。ご利用のカード会社までお問い合わせください。【コンビニ決済（ローソン、ファミリーマート、ミニストップ、デイリーヤマザキ、セブンイレブン）】ご注文から3日以内にお支払いいただきます。【GMO後払い】請求書発行日から14日以内にお支払いいただきます。【ツケ払い】ご注文日から2ヶ月以内にお支払いいただきます。■注文の取消し・返品・交換の規定【取消しについて】ヘルプページ「注文の取消し」「注文の取消し手順」「注文の取消し手順（ログインなし/配送先未入力の場合）」「注文の取消しに関する注意事項」をご確認ください。【返品・交換について】ヘルプページ「商品の返品」「商品の変更・交換」「返品・交換の条件」「商品を返送する際の注意事項」をご確認ください。
https://zozo.jp/_help/default.html?id=6209c0714c5448001d5fea4e,古物営業法・薬事法に基づく表示■古物商許可証番号千葉県公安委員会 第441340001787号■高度管理医療機器等販売業許可番号つ第425号、つ第468号
https://zozo.jp/_help/default.html?id=6131ac5d0e8e67001d87edf2,問い合わせ方法の種類ZOZOTOWNのカスタマーサポートセンターは、以下の窓口にて問い合わせを受け付けております。何かお困りのことがございましたら、ぜひご活用ください。※電話での問い合わせは受け付けておりません。ご不便をおかけし申し訳ございません。【チャットボットによる自動応答】ヘルプページ内に表示される箱猫マックスくんのアイコンより、お困りごとを入力してください。箱猫マックスくんが、24時間いつでも自動応答いたします。※アプリではご利用いただけません。【メールでのお問い合わせ】サイト内の「問い合わせフォーム」よりお問い合わせください。問い合わせをお受けした後、48時間以内に弊社よりご連絡を差し上げます。【チャットでのお問い合わせ】サイト内の「問い合わせフォーム」よりお問い合わせください。問い合わせをお受けした後、オペレーターが即時回答いたします。※受付時間は9：15～22：45です。※窓口が混雑している場合は、問い合わせをお受けできないことがございます。【ZOZOTOWNカスタマーサポート公式X（旧Twitter）】公式アカウント（@ZOZOTOWN_CS）宛てにリプライでご連絡ください。問い合わせをお受けした後、順次弊社よりご連絡を差し上げます。なお、重要なお知らせ事項がある場合は、X（旧Twitter）でもお知らせいたしますので、よろしければフォローをお願いいたします。
https://zozo.jp/_help/default.html?id=644b5de2f37253001b343d9e,カスタマーハラスメントに対する方針当社では以下をカスタマーハラスメントとして定義しております。これらの行為があったと当社が判断した場合、対応をお断りさせていただく場合がございます。（１）時間拘束/リピート└同内容の要望・クレーム・問い合わせの過剰な繰り返し等による長時間の拘束を伴う問い合わせ、通常業務に支障を及ぼす行為└既に当社より回答した事項に対する一方的な主張・指摘の繰り返し└複数アカウントを作成しての上記に類する行為（２）暴言/脅迫/揚げ足取り└大声、暴言、恫喝、罵声、反社会的な言動、脅し、SNSやインターネットなどでの誹謗中傷└威嚇、侮辱、人権・プライバシー侵害、中傷、性的な言動└従業員個人に対する非難、攻撃、ハラスメント、人格の否定（３）当社の信頼を毀損する行為└当社の信用を棄損させる行為└当社に関する虚偽の流布（４）過剰/不当要求└不当な金銭要求、制度上できないことへの要求、契約内容を超えた要求、消費者としての優位性を利用した要求└社会通念上過剰なサービス提供の要求、合理的理由のない当社関係者への処罰要求└サービス利用に関連の無い問い合わせ（５）その他└従業員に対しカスタマーハラスメントと判断した発言や行為└他のお客様にとって迷惑な行為を繰り返すこと
